gender,SeniorCitizen,Partner,Dependents,tenure,PhoneService,PaperlessBilling,MonthlyCharges,TotalCharges,ChargesPerTenureMonth,TotalServices,IsNewCustomer,IsLongTermCustomer,IsHighValue,ContractRisk,MultipleLines_No phone service,MultipleLines_Yes,InternetService_Fiber optic,InternetService_No,OnlineSecurity_No internet service,OnlineSecurity_Yes,OnlineBackup_No internet service,OnlineBackup_Yes,DeviceProtection_No internet service,DeviceProtection_Yes,TechSupport_No internet service,TechSupport_Yes,StreamingTV_No internet service,StreamingTV_Yes,StreamingMovies_No internet service,StreamingMovies_Yes,Contract_One year,Contract_Two year,PaymentMethod_Credit card (automatic),PaymentMethod_Electronic check,PaymentMethod_Mailed check,churn_probability,predicted_churn,actual_churn,top_driver,risk_tier
1,0,1,1,72,1,1,114.05,8468.2,1.5623287671232875,8,0,1,1,1,False,True,True,False,False,True,False,True,False,True,False,True,False,True,False,True,False,True,True,False,False,0.06866076,0,0,ContractRisk,Low (<30%)
0,1,0,0,8,1,1,100.15,908.55,11.127777777777778,5,0,0,0,3,False,True,True,False,False,False,False,False,False,False,False,True,False,True,False,True,False,False,True,False,False,0.8977057,1,0,ChargesPerTenureMonth,Critical (>75%)
0,0,1,1,41,1,1,78.35,3211.2,1.8654761904761905,6,0,1,1,2,False,True,False,False,False,True,False,True,False,True,False,False,False,True,False,False,True,False,True,False,False,0.21089147,0,0,ContractRisk,Low (<30%)
1,0,1,0,18,1,0,78.2,1468.75,4.11578947368421,3,0,0,0,3,False,False,True,False,False,False,False,False,False,True,False,True,False,False,False,False,False,False,False,True,False,0.6134744,1,0,ContractRisk,High (50-75%)
0,0,1,0,72,1,1,82.65,5919.35,1.132191780821918,7,0,1,1,1,False,True,False,False,False,True,False,True,False,True,False,False,False,True,False,True,False,True,True,False,False,0.05706593,0,0,ContractRisk,Low (<30%)
0,0,0,0,21,1,1,99.85,1992.55,4.538636363636363,5,0,0,0,3,False,True,True,False,False,False,False,True,False,False,False,False,False,True,False,True,False,False,True,False,False,0.7704788,1,0,ContractRisk,Critical (>75%)
0,0,0,0,21,1,1,99.15,1956.4,4.506818181818182,5,0,0,0,3,False,False,True,False,False,False,False,True,False,False,False,True,False,True,False,True,False,False,False,False,False,0.70542336,1,0,ContractRisk,High (50-75%)
1,0,0,1,19,1,1,24.1,439.2,1.205,2,0,0,0,3,False,True,False,True,True,False,True,False,True,False,True,False,True,False,True,False,False,False,True,False,False,0.22598375,0,0,ChargesPerTenureMonth,Low (<30%)
0,0,1,1,61,1,0,19.75,1311.6,0.3185483870967742,1,0,1,0,1,False,False,False,True,True,False,True,False,True,False,True,False,True,False,True,False,False,True,True,False,False,0.057668146,0,0,ContractRisk,Low (<30%)
1,1,0,0,17,1,1,45.05,770.6,2.5027777777777778,1,0,0,0,3,False,False,False,False,False,False,False,False,False,False,False,False,False,False,False,False,False,False,False,True,False,0.5957604,1,1,ContractRisk,High (50-75%)
1,0,1,1,70,1,1,106.05,7554.05,1.4936619718309858,6,0,1,1,3,False,True,True,False,False,True,False,True,False,False,False,False,False,True,False,True,False,False,False,True,False,0.54366237,1,0,ChargesPerTenureMonth,High (50-75%)
0,1,1,0,72,1,1,114.85,8317.95,1.5732876712328767,8,0,1,1,1,False,True,True,False,False,True,False,True,False,True,False,True,False,True,False,True,False,True,False,False,False,0.07834919,0,0,ContractRisk,Low (<30%)
1,0,0,0,49,0,1,30.2,1453.1,0.604,1,0,1,0,3,True,False,False,False,False,False,False,False,False,True,False,False,False,False,False,False,False,False,False,False,False,0.36031058,0,0,ChargesPerTenureMonth,Medium (30-50%)
0,1,0,0,11,1,1,84.8,906.85,7.066666666666666,3,0,0,0,3,False,True,True,False,False,False,False,False,False,False,False,False,False,False,False,True,False,False,True,False,False,0.76011896,1,1,ContractRisk,Critical (>75%)
0,0,0,1,19,1,0,48.8,953.65,2.44,2,0,0,0,3,False,False,False,False,False,False,False,False,False,False,False,True,False,False,False,False,False,False,False,False,True,0.30691323,0,0,ContractRisk,Medium (30-50%)
1,0,1,1,72,1,1,84.5,6130.85,1.1575342465753424,3,0,1,1,1,False,True,True,False,False,False,False,False,False,False,False,False,False,False,False,True,False,True,True,False,False,0.09734583,0,0,ContractRisk,Low (<30%)
0,0,1,1,8,1,0,19.5,159.35,2.1666666666666665,1,0,0,0,1,False,False,False,True,True,False,True,False,True,False,True,False,True,False,True,False,False,True,False,False,False,0.06257919,0,0,ContractRisk,Low (<30%)
1,0,0,1,15,1,1,91.0,1430.05,5.6875,4,0,0,0,3,False,True,True,False,False,False,False,True,False,False,False,False,False,True,False,False,False,False,False,True,False,0.7995964,1,0,ContractRisk,Critical (>75%)
0,0,1,0,67,1,1,105.7,6816.95,1.5544117647058824,6,0,1,1,2,False,True,True,False,False,False,False,True,False,True,False,False,False,True,False,True,True,False,False,False,False,0.46116197,1,0,ContractRisk,Medium (30-50%)
0,0,1,0,26,0,0,35.4,978.6,1.3111111111111111,2,0,0,0,2,True,False,False,False,False,True,False,False,False,True,False,False,False,False,False,False,True,False,True,False,False,0.15026438,0,0,ContractRisk,Low (<30%)
1,1,0,0,2,1,1,74.85,156.4,24.95,2,1,0,0,3,False,True,True,False,False,False,False,False,False,False,False,False,False,False,False,False,False,False,False,False,True,0.85155314,1,1,ChargesPerTenureMonth,Critical (>75%)
0,0,1,0,21,0,0,28.5,629.35,1.2954545454545454,1,0,0,0,3,True,False,False,False,False,True,False,False,False,False,False,False,False,False,False,False,False,False,False,True,False,0.44487438,0,0,ChargesPerTenureMonth,Medium (30-50%)
0,0,1,0,49,1,1,20.05,923.1,0.401,1,0,1,0,2,False,False,False,True,True,False,True,False,True,False,True,False,True,False,True,False,True,False,False,False,False,0.06272337,0,0,ChargesPerTenureMonth,Low (<30%)
1,0,1,1,21,1,0,19.8,350.1,0.9,1,0,0,0,2,False,False,False,True,True,False,True,False,True,False,True,False,True,False,True,False,True,False,False,False,True,0.06862289,0,0,ChargesPerTenureMonth,Low (<30%)
0,0,1,0,51,1,0,69.15,3649.6,1.3298076923076925,1,0,1,0,3,False,False,True,False,False,False,False,False,False,False,False,False,False,False,False,False,False,False,False,False,True,0.39726403,0,0,ChargesPerTenureMonth,Medium (30-50%)
1,1,1,0,16,1,1,54.55,825.1,3.2088235294117644,3,0,0,0,3,False,False,False,False,False,True,False,True,False,False,False,False,False,False,False,False,False,False,False,False,False,0.4462355,0,0,ContractRisk,Medium (30-50%)
0,0,0,0,22,1,0,89.25,1907.85,3.880434782608696,3,0,0,0,3,False,False,True,False,False,False,False,False,False,False,False,False,False,True,False,True,False,False,False,True,False,0.6557682,1,1,ContractRisk,High (50-75%)
1,0,1,0,13,1,1,102.25,1359.0,7.303571428571429,5,0,0,0,3,False,True,True,False,False,False,False,False,False,True,False,False,False,True,False,True,False,False,True,False,False,0.8406769,1,1,ContractRisk,Critical (>75%)
0,0,0,1,43,1,1,25.1,1070.15,0.5704545454545454,2,0,1,0,1,False,True,False,True,True,False,True,False,True,False,True,False,True,False,True,False,False,True,False,True,False,0.0869249,0,0,ContractRisk,Low (<30%)
0,0,0,0,3,1,1,89.45,240.45,22.3625,3,1,0,0,3,False,False,True,False,False,False,False,False,False,False,False,False,False,True,False,True,False,False,False,True,False,0.8643148,1,1,ChargesPerTenureMonth,Critical (>75%)
1,1,0,0,54,1,1,90.05,4931.8,1.6372727272727272,4,0,1,1,3,False,True,True,False,False,False,False,True,False,False,False,False,False,False,False,True,False,False,False,True,False,0.60962236,1,0,ChargesPerTenureMonth,High (50-75%)
1,0,0,1,1,0,0,24.2,24.2,12.1,0,1,0,0,3,True,False,False,False,False,False,False,False,False,False,False,False,False,False,False,False,False,False,False,False,True,0.7232473,1,0,ChargesPerTenureMonth,High (50-75%)
1,0,1,1,69,1,1,20.55,1403.1,0.2935714285714286,1,0,1,0,2,False,False,False,True,True,False,True,False,True,False,True,False,True,False,True,False,True,False,True,False,False,0.053269517,0,0,ChargesPerTenureMonth,Low (<30%)
1,0,0,0,62,1,0,23.4,1429.65,0.3714285714285714,2,0,1,0,1,False,True,False,True,True,False,True,False,True,False,True,False,True,False,True,False,False,True,False,False,False,0.039304342,0,0,ContractRisk,Low (<30%)
0,0,0,0,2,1,1,90.4,168.2,30.133333333333336,3,1,0,0,3,False,False,True,False,False,False,False,False,False,False,False,False,False,True,False,True,False,False,False,True,False,0.9054789,1,1,ChargesPerTenureMonth,Critical (>75%)
0,1,1,1,62,1,1,96.1,6019.35,1.5253968253968253,5,0,1,1,3,False,True,True,False,False,False,False,True,False,True,False,False,False,False,False,True,False,False,True,False,False,0.47747374,1,0,ChargesPerTenureMonth,Medium (30-50%)
1,1,0,0,2,1,0,44.95,85.15,14.983333333333334,1,1,0,0,3,False,False,False,False,False,False,False,False,False,False,False,False,False,False,False,False,False,False,False,False,True,0.7040995,1,1,ChargesPerTenureMonth,High (50-75%)
1,0,1,1,69,1,0,19.9,1356.7,0.2842857142857142,1,0,1,0,1,False,False,False,True,True,False,True,False,True,False,True,False,True,False,True,False,False,True,False,False,False,0.034855302,0,0,ContractRisk,Low (<30%)
0,0,0,0,1,1,1,74.5,74.5,37.25,2,1,0,0,3,False,True,True,False,False,False,False,False,False,False,False,False,False,False,False,False,False,False,False,True,False,0.9219254,1,1,ChargesPerTenureMonth,Critical (>75%)
1,0,0,0,31,1,1,55.25,1715.65,1.7265625,3,0,0,0,3,False,False,False,False,False,False,False,False,False,True,False,True,False,False,False,False,False,False,False,True,False,0.34080333,0,1,ChargesPerTenureMonth,Medium (30-50%)
1,1,0,0,69,1,0,20.3,1356.3,0.29,1,0,1,0,1,False,False,False,True,True,False,True,False,True,False,True,False,True,False,True,False,False,True,True,False,False,0.04103123,0,0,ContractRisk,Low (<30%)
1,0,1,0,2,1,1,91.45,171.45,30.48333333333333,4,1,0,0,3,False,True,True,False,False,False,False,False,False,True,False,False,False,True,False,False,False,False,False,True,False,0.9174554,1,0,ChargesPerTenureMonth,Critical (>75%)
0,0,0,0,33,1,1,70.4,2406.1,2.070588235294118,1,0,0,1,3,False,False,True,False,False,False,False,False,False,False,False,False,False,False,False,False,False,False,False,False,False,0.5637395,1,0,ContractRisk,High (50-75%)
0,0,1,0,3,1,1,19.6,55.25,4.9,1,1,0,0,3,False,False,False,True,True,False,True,False,True,False,True,False,True,False,True,False,False,False,False,False,True,0.3753317,0,0,ContractRisk,Medium (30-50%)
1,0,0,0,44,1,0,65.4,2774.55,1.4533333333333334,4,0,1,0,2,False,False,False,False,False,True,False,False,False,False,False,True,False,True,False,False,True,False,False,True,False,0.16808324,0,0,ContractRisk,Low (<30%)
1,0,0,0,10,1,1,110.1,1043.3,10.009090909090908,7,0,0,0,3,False,False,True,False,False,True,False,True,False,True,False,True,False,True,False,True,False,False,False,True,False,0.78555447,1,1,ChargesPerTenureMonth,Critical (>75%)
0,0,0,0,8,1,1,75.25,576.7,8.36111111111111,2,0,0,0,3,False,True,True,False,False,False,False,False,False,False,False,False,False,False,False,False,False,False,False,True,False,0.8387707,1,0,ContractRisk,Critical (>75%)
1,0,0,0,8,1,1,66.65,520.95,7.405555555555556,4,0,0,0,3,False,False,False,False,False,False,False,True,False,False,False,True,False,True,False,False,False,False,False,True,False,0.56415194,1,0,ContractRisk,High (50-75%)
0,0,1,1,69,1,1,20.35,1442.65,0.2907142857142857,1,0,1,0,2,False,False,False,True,True,False,True,False,True,False,True,False,True,False,True,False,True,False,True,False,False,0.0544299,0,0,ChargesPerTenureMonth,Low (<30%)
0,0,0,0,23,1,0,75.6,1758.6,3.15,2,0,0,0,3,False,True,True,False,False,False,False,False,False,False,False,False,False,False,False,False,False,False,False,False,False,0.5023516,1,1,ContractRisk,High (50-75%)
1,0,0,0,66,1,0,25.1,1697.7,0.3746268656716418,2,0,1,0,1,False,True,False,True,True,False,True,False,True,False,True,False,True,False,True,False,False,True,False,False,True,0.045579016,0,0,ContractRisk,Low (<30%)
0,0,1,1,1,1,1,102.45,102.45,51.225,6,1,0,0,3,False,True,True,False,False,True,False,False,False,True,False,False,False,True,False,True,False,False,False,True,False,0.9043522,1,1,ChargesPerTenureMonth,Critical (>75%)
0,0,0,0,3,1,0,19.95,58.0,4.9875,1,1,0,0,3,False,False,False,True,True,False,True,False,True,False,True,False,True,False,True,False,False,False,False,False,True,0.28894737,0,0,ContractRisk,Low (<30%)
0,0,0,1,5,1,1,51.0,286.8,8.5,2,1,0,0,3,False,False,False,False,False,False,False,False,False,False,False,True,False,False,False,False,False,False,False,False,True,0.595096,1,0,ChargesPerTenureMonth,High (50-75%)
0,0,0,1,1,1,0,51.2,51.2,25.6,2,1,0,0,3,False,False,False,False,False,True,False,False,False,False,False,False,False,False,False,False,False,False,False,False,True,0.5761005,1,0,ChargesPerTenureMonth,High (50-75%)
0,0,0,0,9,1,1,77.65,714.15,7.765000000000001,2,0,0,0,3,False,False,True,False,False,False,False,False,False,False,False,False,False,True,False,False,False,False,False,False,False,0.78549874,1,1,ContractRisk,Critical (>75%)
1,0,1,1,36,1,1,63.7,2188.5,1.7216216216216218,4,0,0,0,2,False,False,False,False,False,True,False,False,False,True,False,False,False,False,False,True,True,False,True,False,False,0.23736553,0,0,ContractRisk,Low (<30%)
1,0,1,1,68,1,1,85.5,5696.6,1.2391304347826086,4,0,1,1,2,False,True,True,False,False,True,False,True,False,False,False,False,False,False,False,False,True,False,False,False,False,0.16077316,0,0,ContractRisk,Low (<30%)
0,0,1,1,35,0,0,40.9,1383.6,1.136111111111111,2,0,0,0,2,True,False,False,False,False,False,False,False,False,False,False,True,False,True,False,False,True,False,False,False,True,0.14193416,0,0,ContractRisk,Low (<30%)
1,0,1,1,60,1,0,20.55,1205.05,0.3368852459016394,1,0,1,0,1,False,False,False,True,True,False,True,False,True,False,True,False,True,False,True,False,False,True,False,False,True,0.048499636,0,0,ContractRisk,Low (<30%)
0,0,1,1,72,1,0,74.55,5430.65,1.0212328767123289,6,0,1,1,1,False,True,False,False,False,True,False,True,False,False,False,True,False,True,False,False,False,True,False,False,True,0.039422374,0,0,ContractRisk,Low (<30%)
1,0,0,0,45,1,1,20.4,930.45,0.4434782608695652,1,0,1,0,2,False,False,False,True,True,False,True,False,True,False,True,False,True,False,True,False,True,False,False,True,False,0.08996858,0,1,ChargesPerTenureMonth,Low (<30%)
1,0,1,1,37,1,0,91.2,3247.55,2.4,3,0,1,1,2,False,False,True,False,False,False,False,False,False,False,False,False,False,True,False,True,True,False,True,False,False,0.32162148,0,0,ContractRisk,Medium (30-50%)
0,0,1,1,7,1,0,50.7,350.35,6.3375,2,0,0,0,3,False,False,False,False,False,True,False,False,False,False,False,False,False,False,False,False,False,False,False,False,True,0.34049237,0,0,ContractRisk,Medium (30-50%)
0,0,0,0,4,1,0,50.7,151.3,10.14,2,1,0,0,3,False,False,False,False,False,False,False,True,False,False,False,False,False,False,False,False,False,False,True,False,False,0.6021123,1,1,ChargesPerTenureMonth,High (50-75%)
0,0,0,0,1,1,1,54.9,54.9,27.45,3,1,0,0,3,False,False,False,False,False,True,False,True,False,False,False,False,False,False,False,False,False,False,False,True,False,0.75009286,1,1,ChargesPerTenureMonth,Critical (>75%)
0,0,0,0,4,1,1,60.4,272.15,12.08,4,1,0,0,3,False,False,False,False,False,True,False,True,False,False,False,True,False,False,False,False,False,False,False,False,True,0.51123184,1,1,ChargesPerTenureMonth,High (50-75%)
1,0,1,0,18,1,1,49.55,878.35,2.607894736842105,2,0,0,0,3,False,False,False,False,False,False,False,False,False,True,False,False,False,False,False,False,False,False,False,False,True,0.4062143,0,1,ContractRisk,Medium (30-50%)
0,0,0,0,12,1,0,74.05,872.65,5.696153846153846,5,0,0,0,2,False,True,False,False,False,False,False,False,False,False,False,True,False,True,False,True,True,False,False,False,True,0.31045616,0,1,ContractRisk,Medium (30-50%)
0,0,1,1,1,1,1,80.05,80.05,40.025,2,1,0,0,3,False,False,True,False,False,False,False,False,False,False,False,False,False,True,False,False,False,False,False,False,True,0.90746546,1,1,ChargesPerTenureMonth,Critical (>75%)
1,0,1,1,72,1,0,25.0,1738.9,0.3424657534246575,2,0,1,0,1,False,True,False,True,True,False,True,False,True,False,True,False,True,False,True,False,False,True,False,False,False,0.03539438,0,0,ContractRisk,Low (<30%)
1,0,1,0,42,1,0,20.25,835.5,0.4709302325581395,1,0,1,0,1,False,False,False,True,True,False,True,False,True,False,True,False,True,False,True,False,False,True,False,True,False,0.07789194,0,0,ContractRisk,Low (<30%)
1,1,0,0,24,1,1,76.1,1712.7,3.044,2,0,0,0,3,False,True,True,False,False,False,False,False,False,False,False,False,False,False,False,False,False,False,False,True,False,0.74304855,1,1,ContractRisk,High (50-75%)
1,0,1,1,26,1,0,78.95,2034.25,2.924074074074074,2,0,0,0,2,False,False,True,False,False,False,False,False,False,False,False,False,False,False,False,True,True,False,False,False,False,0.2600459,0,0,ContractRisk,Low (<30%)
0,0,1,1,68,1,1,73.0,5163.0,1.0579710144927537,6,0,1,1,2,False,True,False,False,False,True,False,True,False,True,False,False,False,True,False,False,True,False,True,False,False,0.18167107,0,0,ContractRisk,Low (<30%)
0,0,0,0,17,1,0,19.9,323.15,1.1055555555555554,1,0,0,0,2,False,False,False,True,True,False,True,False,True,False,True,False,True,False,True,False,True,False,False,False,False,0.0998709,0,0,ContractRisk,Low (<30%)
1,0,1,1,59,1,1,111.1,6555.2,1.8516666666666663,7,0,1,1,1,False,True,True,False,False,True,False,True,False,False,False,True,False,True,False,True,False,True,False,False,True,0.20885818,0,0,ContractRisk,Low (<30%)
1,0,1,1,13,1,1,74.4,896.75,5.314285714285715,2,0,0,0,3,False,True,True,False,False,False,False,False,False,False,False,False,False,False,False,False,False,False,True,False,False,0.6933072,1,1,ContractRisk,High (50-75%)
0,0,0,0,2,1,1,20.45,42.45,6.816666666666666,1,1,0,0,3,False,False,False,True,True,False,True,False,True,False,True,False,True,False,True,False,False,False,False,False,True,0.36254197,0,0,ContractRisk,Medium (30-50%)
0,0,1,0,67,1,0,19.65,1335.2,0.2889705882352941,1,0,1,0,1,False,False,False,True,True,False,True,False,True,False,True,False,True,False,True,False,False,True,False,False,True,0.043607976,0,0,ContractRisk,Low (<30%)
0,0,0,0,17,1,0,20.05,337.9,1.113888888888889,1,0,0,0,2,False,False,False,True,True,False,True,False,True,False,True,False,True,False,True,False,True,False,True,False,False,0.0998709,0,0,ContractRisk,Low (<30%)
1,0,1,0,71,1,1,80.1,5585.4,1.1124999999999998,7,0,1,1,1,False,True,False,False,False,True,False,True,False,True,False,True,False,False,False,True,False,True,False,False,True,0.061407138,0,0,ContractRisk,Low (<30%)
0,0,1,1,17,1,0,98.6,1704.95,5.477777777777778,5,0,0,0,2,False,False,True,False,False,False,False,False,False,True,False,True,False,True,False,True,True,False,False,False,False,0.37841123,0,1,ContractRisk,Medium (30-50%)
1,0,0,0,1,1,1,89.55,89.55,44.775,3,1,0,0,3,False,False,True,False,False,False,False,False,False,False,False,False,False,True,False,True,False,False,False,True,False,0.91668636,1,1,ChargesPerTenureMonth,Critical (>75%)
0,0,1,1,6,1,0,19.7,94.45,2.814285714285714,1,1,0,0,2,False,False,False,True,True,False,True,False,True,False,True,False,True,False,True,False,True,False,False,False,True,0.11166036,0,0,ContractRisk,Low (<30%)
1,0,1,0,61,1,1,114.1,7132.15,1.8403225806451613,7,0,1,1,3,False,True,True,False,False,False,False,True,False,True,False,True,False,True,False,True,False,False,False,True,False,0.56741095,1,0,ChargesPerTenureMonth,High (50-75%)
0,0,0,0,6,1,1,73.85,401.3,10.55,2,1,0,0,3,False,True,True,False,False,False,False,False,False,False,False,False,False,False,False,False,False,False,False,False,True,0.84872586,1,0,ChargesPerTenureMonth,Critical (>75%)
0,1,0,0,1,0,0,25.05,25.05,12.525,0,1,0,0,3,True,False,False,False,False,False,False,False,False,False,False,False,False,False,False,False,False,False,False,False,True,0.75207216,1,1,ChargesPerTenureMonth,Critical (>75%)
0,0,1,1,21,1,1,102.8,2110.15,4.672727272727273,6,0,0,0,3,False,False,True,False,False,False,False,True,False,True,False,True,False,True,False,True,False,False,False,True,False,0.7545288,1,1,ContractRisk,Critical (>75%)
0,0,1,0,60,1,1,110.8,6640.7,1.8163934426229509,7,0,1,1,1,False,True,True,False,False,False,False,True,False,True,False,True,False,True,False,True,False,True,True,False,False,0.34832513,0,0,ContractRisk,Medium (30-50%)
0,1,0,0,20,1,1,85.8,1727.5,4.085714285714285,3,0,0,0,3,False,True,True,False,False,False,False,False,False,False,False,False,False,False,False,True,False,False,True,False,False,0.71388674,1,1,ContractRisk,High (50-75%)
1,0,1,0,22,1,0,95.9,2234.95,4.1695652173913045,5,0,0,0,3,False,True,True,False,False,True,False,False,False,False,False,True,False,True,False,False,False,False,True,False,False,0.56320316,1,0,ContractRisk,High (50-75%)
0,0,0,0,40,1,1,20.6,827.3,0.5024390243902439,1,0,1,0,1,False,False,False,True,True,False,True,False,True,False,True,False,True,False,True,False,False,True,False,False,False,0.04398473,0,0,ContractRisk,Low (<30%)
1,0,0,0,23,1,1,74.95,1710.45,3.122916666666667,2,0,0,0,3,False,True,True,False,False,False,False,False,False,False,False,False,False,False,False,False,False,False,False,True,False,0.75677437,1,1,ContractRisk,Critical (>75%)
0,0,0,1,1,1,0,45.95,45.95,22.975,1,1,0,0,3,False,False,False,False,False,False,False,False,False,False,False,False,False,False,False,False,False,False,False,False,True,0.7020391,1,1,ChargesPerTenureMonth,High (50-75%)
1,0,0,0,46,0,0,38.25,1755.35,0.8138297872340425,3,0,1,0,1,True,False,False,False,False,True,False,False,False,True,False,True,False,False,False,False,False,True,False,False,True,0.047802165,0,0,ContractRisk,Low (<30%)
0,0,1,1,5,1,0,69.95,320.4,11.658333333333331,1,1,0,0,3,False,False,True,False,False,False,False,False,False,False,False,False,False,False,False,False,False,False,True,False,False,0.7743301,1,0,ChargesPerTenureMonth,Critical (>75%)
1,1,0,0,68,1,1,20.0,1396.0,0.2898550724637681,1,0,1,0,1,False,False,False,True,True,False,True,False,True,False,True,False,True,False,True,False,False,True,True,False,False,0.0417544,0,0,ContractRisk,Low (<30%)
0,1,0,0,1,0,1,25.2,25.2,12.6,0,1,0,0,3,True,False,False,False,False,False,False,False,False,False,False,False,False,False,False,False,False,False,False,True,False,0.8373348,1,1,ChargesPerTenureMonth,Critical (>75%)
0,0,1,0,2,1,0,20.1,43.15,6.7,1,1,0,0,3,False,False,False,True,True,False,True,False,True,False,True,False,True,False,True,False,False,False,False,False,False,0.3111985,0,0,ContractRisk,Medium (30-50%)
0,1,0,0,14,1,1,104.85,1531.4,6.989999999999999,6,0,0,0,3,False,True,True,False,False,False,False,True,False,True,False,False,False,True,False,True,False,False,False,True,False,0.8418964,1,1,ContractRisk,Critical (>75%)
1,0,0,0,10,1,1,70.0,740.0,6.363636363636363,1,0,0,0,3,False,False,True,False,False,False,False,False,False,False,False,False,False,False,False,False,False,False,False,True,False,0.75119555,1,1,ContractRisk,Critical (>75%)
1,0,0,1,13,1,1,78.3,1033.95,5.592857142857143,2,0,0,0,3,False,False,True,False,False,False,False,False,False,False,False,False,False,True,False,False,False,False,True,False,False,0.6831084,1,0,ContractRisk,High (50-75%)
0,0,0,0,34,1,1,109.8,3587.25,3.137142857142857,7,0,0,1,3,False,True,True,False,False,True,False,True,False,True,False,False,False,True,False,True,False,False,False,False,True,0.58111453,1,1,ContractRisk,High (50-75%)
1,0,1,1,18,1,0,57.45,990.85,3.023684210526316,3,0,0,0,3,False,False,False,False,False,False,False,False,False,True,False,False,False,False,False,True,False,False,False,True,False,0.45377833,1,1,ContractRisk,Medium (30-50%)
1,0,1,1,71,1,0,19.7,1301.1,0.2736111111111111,1,0,1,0,1,False,False,False,True,True,False,True,False,True,False,True,False,True,False,True,False,False,True,True,False,False,0.039894655,0,0,ContractRisk,Low (<30%)
0,0,1,0,70,1,1,110.5,7752.05,1.556338028169014,7,0,1,1,1,False,True,True,False,False,False,False,True,False,True,False,True,False,True,False,True,False,True,False,True,False,0.24106148,0,0,ContractRisk,Low (<30%)
0,0,1,0,52,1,1,64.3,3410.6,1.2132075471698112,4,0,1,0,2,False,False,False,False,False,True,False,False,False,True,False,False,False,True,False,False,True,False,False,False,True,0.13080606,0,0,ContractRisk,Low (<30%)
1,0,1,1,68,1,1,105.25,7173.15,1.5253623188405796,6,0,1,1,1,False,False,True,False,False,True,False,True,False,True,False,False,False,True,False,True,False,True,False,False,False,0.1696472,0,0,ContractRisk,Low (<30%)
1,0,1,1,38,1,0,19.6,717.3,0.5025641025641026,1,0,1,0,3,False,False,False,True,True,False,True,False,True,False,True,False,True,False,True,False,False,False,False,True,False,0.18281236,0,0,ChargesPerTenureMonth,Low (<30%)
0,0,1,1,58,1,1,24.5,1497.9,0.4152542372881356,2,0,1,0,2,False,True,False,True,True,False,True,False,True,False,True,False,True,False,True,False,True,False,True,False,False,0.08617669,0,0,ChargesPerTenureMonth,Low (<30%)
1,0,0,0,3,1,0,90.7,237.65,22.675,3,1,0,0,3,False,False,True,False,False,False,False,False,False,False,False,False,False,True,False,True,False,False,False,False,True,0.82878673,1,0,ChargesPerTenureMonth,Critical (>75%)
1,0,1,0,14,1,0,48.8,664.4,3.253333333333333,2,0,0,0,3,False,False,False,False,False,False,False,False,False,False,False,True,False,False,False,False,False,False,False,False,False,0.360145,0,0,ContractRisk,Medium (30-50%)
1,0,0,0,2,0,1,24.9,49.7,8.299999999999999,0,1,0,0,3,True,False,False,False,False,False,False,False,False,False,False,False,False,False,False,False,False,False,True,False,False,0.7211124,1,0,ContractRisk,High (50-75%)
0,0,1,0,1,0,1,24.8,24.8,12.4,0,1,0,0,3,True,False,False,False,False,False,False,False,False,False,False,False,False,False,False,False,False,False,False,True,False,0.83136845,1,1,ChargesPerTenureMonth,Critical (>75%)
0,1,0,0,72,1,1,107.4,7748.75,1.4712328767123288,7,0,1,1,1,False,True,True,False,False,True,False,True,False,True,False,True,False,False,False,True,False,True,False,False,False,0.1013289,0,0,ContractRisk,Low (<30%)
1,0,0,0,3,1,1,43.3,123.65,10.825,1,1,0,0,3,False,False,False,False,False,False,False,False,False,False,False,False,False,False,False,False,False,False,False,True,False,0.76375026,1,1,ChargesPerTenureMonth,Critical (>75%)
0,0,0,0,13,1,1,80.0,1029.35,5.714285714285714,3,0,0,0,3,False,True,True,False,False,True,False,False,False,False,False,False,False,False,False,False,False,False,True,False,False,0.6531618,1,0,ContractRisk,High (50-75%)
1,1,1,1,72,1,1,104.1,7447.7,1.426027397260274,6,0,1,1,1,False,False,True,False,False,True,False,False,False,True,False,True,False,True,False,True,False,True,True,False,False,0.15175782,0,0,ContractRisk,Low (<30%)
1,0,1,0,58,1,0,20.75,1185.95,0.3516949152542373,1,0,1,0,1,False,False,False,True,True,False,True,False,True,False,True,False,True,False,True,False,False,True,False,False,True,0.051105995,0,0,ContractRisk,Low (<30%)
1,1,1,0,71,1,1,95.5,6707.15,1.3263888888888888,5,0,1,1,1,False,False,True,False,False,False,False,True,False,True,False,True,False,False,False,True,False,True,True,False,False,0.12439919,0,0,ContractRisk,Low (<30%)
0,0,0,0,1,1,0,76.35,76.35,38.175,2,1,0,0,3,False,False,True,False,False,False,False,False,False,True,False,False,False,False,False,False,False,False,False,True,False,0.8955871,1,1,ChargesPerTenureMonth,Critical (>75%)
0,0,1,1,54,1,0,91.3,4965.0,1.66,8,0,1,1,1,False,True,False,False,False,True,False,True,False,True,False,True,False,True,False,True,False,True,True,False,False,0.07745478,0,0,ContractRisk,Low (<30%)
1,0,0,1,39,0,0,45.05,1790.6,1.12625,3,0,1,0,2,True,False,False,False,False,True,False,False,False,False,False,True,False,True,False,False,True,False,False,False,False,0.13434422,0,0,ContractRisk,Low (<30%)
0,0,0,0,1,1,1,70.6,70.6,35.3,1,1,0,0,3,False,False,True,False,False,False,False,False,False,False,False,False,False,False,False,False,False,False,False,True,False,0.9082463,1,1,ChargesPerTenureMonth,Critical (>75%)
1,0,1,0,61,1,1,80.8,4860.85,1.303225806451613,7,0,1,1,1,False,True,False,False,False,True,False,True,False,True,False,True,False,False,False,True,False,True,False,False,False,0.0778767,0,0,ContractRisk,Low (<30%)
0,0,1,1,25,1,1,89.15,2257.75,3.428846153846154,4,0,0,0,3,False,False,True,False,False,False,False,True,False,True,False,False,False,True,False,False,False,False,False,False,False,0.65089625,1,1,ContractRisk,High (50-75%)
0,0,0,0,37,1,0,91.2,3382.3,2.4,5,0,1,1,3,False,True,True,False,False,True,False,True,False,True,False,False,False,False,False,False,False,False,False,False,False,0.44165808,0,0,ContractRisk,Medium (30-50%)
0,1,0,0,26,1,1,91.25,2351.8,3.3796296296296298,3,0,0,0,3,False,False,True,False,False,False,False,False,False,False,False,False,False,True,False,True,False,False,False,True,False,0.7551559,1,1,ContractRisk,Critical (>75%)
1,0,0,0,10,1,0,19.75,208.25,1.7954545454545454,1,0,0,0,3,False,False,False,True,True,False,True,False,True,False,True,False,True,False,True,False,False,False,True,False,False,0.23288052,0,0,ContractRisk,Low (<30%)
0,0,0,0,1,1,0,20.4,20.4,10.2,1,1,0,0,3,False,False,False,True,True,False,True,False,True,False,True,False,True,False,True,False,False,False,False,False,True,0.56261843,1,1,ChargesPerTenureMonth,High (50-75%)
0,1,1,0,24,0,1,40.65,933.3,1.626,2,0,0,0,3,True,False,False,False,False,False,False,False,False,True,False,False,False,False,False,True,False,False,True,False,False,0.51351,1,1,ChargesPerTenureMonth,High (50-75%)
1,1,0,0,65,1,1,110.35,7246.15,1.6719696969696969,7,0,1,1,1,False,True,True,False,False,True,False,False,False,True,False,True,False,True,False,True,False,True,False,True,False,0.37123471,0,0,ContractRisk,Medium (30-50%)
1,0,0,0,23,1,1,64.9,1509.8,2.704166666666667,3,0,0,0,2,False,False,False,False,False,False,False,False,False,False,False,False,False,True,False,True,True,False,False,False,False,0.3683263,0,0,ContractRisk,Medium (30-50%)
1,0,0,0,49,1,1,66.15,3199.0,1.3230000000000002,4,0,1,0,1,False,True,False,False,False,False,False,False,False,False,False,True,False,True,False,False,False,True,False,False,False,0.07064129,0,0,ContractRisk,Low (<30%)
0,1,0,0,42,1,0,55.65,2421.75,1.294186046511628,3,0,1,0,3,False,True,False,False,False,False,False,False,False,True,False,False,False,False,False,False,False,False,False,True,False,0.43487948,0,0,ChargesPerTenureMonth,Medium (30-50%)
0,0,0,0,8,1,0,20.85,161.65,2.316666666666667,1,0,0,0,1,False,False,False,True,True,False,True,False,True,False,True,False,True,False,True,False,False,True,False,False,True,0.06688717,0,0,ContractRisk,Low (<30%)
0,0,0,0,28,1,0,54.65,1517.5,1.8844827586206896,3,0,0,0,3,False,False,False,False,False,False,False,True,False,False,False,True,False,False,False,False,False,False,False,False,False,0.250625,0,0,ContractRisk,Low (<30%)
1,0,0,0,71,1,0,80.6,5708.2,1.1194444444444445,7,0,1,1,1,False,True,False,False,False,True,False,True,False,True,False,True,False,False,False,True,False,True,False,False,False,0.06195475,0,0,ContractRisk,Low (<30%)
1,0,1,1,69,1,1,99.45,7007.6,1.4207142857142858,5,0,1,1,3,False,True,True,False,False,False,False,False,False,True,False,False,False,True,False,True,False,False,True,False,False,0.5641752,1,1,ChargesPerTenureMonth,High (50-75%)
1,0,1,1,68,1,1,114.7,7849.85,1.6623188405797102,8,0,1,1,1,False,True,True,False,False,True,False,True,False,True,False,True,False,True,False,True,False,True,False,False,False,0.16325365,0,0,ContractRisk,Low (<30%)
0,0,1,0,64,1,1,105.4,6794.75,1.6215384615384616,6,0,1,1,1,False,True,True,False,False,False,False,True,False,False,False,True,False,True,False,True,False,True,False,False,False,0.22138526,0,0,ContractRisk,Low (<30%)
0,1,0,0,3,1,0,75.05,202.9,18.7625,2,1,0,0,3,False,False,True,False,False,False,False,False,False,True,False,False,False,False,False,False,False,False,False,False,True,0.7922204,1,0,ChargesPerTenureMonth,Critical (>75%)
0,0,1,1,66,1,1,49.4,3251.85,0.7373134328358208,2,0,1,0,2,False,False,False,False,False,False,False,False,False,False,False,True,False,False,False,False,True,False,True,False,False,0.1172147,0,0,ChargesPerTenureMonth,Low (<30%)
1,0,0,0,28,1,0,18.25,534.7,0.6293103448275862,1,0,0,0,2,False,False,False,True,True,False,True,False,True,False,True,False,True,False,True,False,True,False,True,False,False,0.05797115,0,0,ContractRisk,Low (<30%)
1,0,1,0,67,1,1,111.05,7321.05,1.6330882352941176,7,0,1,1,1,False,False,True,False,False,True,False,True,False,True,False,True,False,True,False,True,False,True,False,True,False,0.22690868,0,0,ContractRisk,Low (<30%)
1,0,1,0,46,1,0,19.6,851.2,0.4170212765957447,1,0,1,0,3,False,False,False,True,True,False,True,False,True,False,True,False,True,False,True,False,False,False,False,True,False,0.20293246,0,0,ChargesPerTenureMonth,Low (<30%)
1,0,1,0,55,1,1,96.75,5238.9,1.7276785714285714,5,0,1,1,3,False,True,True,False,False,True,False,True,False,False,False,False,False,True,False,False,False,False,False,True,False,0.63728774,1,1,ContractRisk,High (50-75%)
1,0,0,0,22,1,1,69.7,1490.4,3.030434782608696,1,0,0,0,3,False,False,True,False,False,False,False,False,False,False,False,False,False,False,False,False,False,False,False,False,True,0.5645675,1,0,ContractRisk,High (50-75%)
1,0,1,1,18,1,1,87.9,1500.5,4.626315789473685,4,0,0,0,3,False,False,True,False,False,True,False,False,False,True,False,False,False,True,False,False,False,False,False,False,True,0.6216703,1,0,ContractRisk,High (50-75%)
1,0,1,0,46,0,0,40.4,1842.7,0.8595744680851064,3,0,1,0,1,True,False,False,False,False,True,False,False,False,True,False,True,False,False,False,False,False,True,True,False,False,0.05500929,0,0,ContractRisk,Low (<30%)
0,0,1,0,10,1,1,78.15,765.15,7.104545454545455,3,0,0,0,3,False,True,True,False,False,True,False,False,False,False,False,False,False,False,False,False,False,False,True,False,False,0.6402785,1,0,ContractRisk,High (50-75%)
1,0,1,0,72,1,1,99.4,7285.7,1.3616438356164384,5,0,1,1,1,False,True,True,False,False,False,False,True,False,False,False,False,False,True,False,True,False,True,False,True,False,0.2102891,0,0,ContractRisk,Low (<30%)
1,0,0,0,16,1,0,55.3,875.35,3.252941176470588,3,0,0,0,3,False,True,False,False,False,False,False,True,False,False,False,False,False,False,False,False,False,False,False,True,False,0.46698394,1,0,ContractRisk,Medium (30-50%)
1,1,0,0,3,1,1,77.0,237.75,19.25,2,1,0,0,3,False,True,True,False,False,False,False,False,False,False,False,False,False,False,False,False,False,False,False,True,False,0.8798192,1,1,ChargesPerTenureMonth,Critical (>75%)
1,0,1,1,21,0,1,26.05,565.75,1.184090909090909,0,0,0,0,3,True,False,False,False,False,False,False,False,False,False,False,False,False,False,False,False,False,False,False,True,False,0.45823428,1,0,ChargesPerTenureMonth,Medium (30-50%)
1,0,0,0,5,1,0,78.75,426.35,13.125,2,1,0,0,3,False,False,True,False,False,False,False,False,False,False,False,False,False,False,False,True,False,False,False,False,True,0.8099222,1,0,ChargesPerTenureMonth,Critical (>75%)
0,0,0,0,1,0,0,29.95,29.95,14.975,1,1,0,0,3,True,False,False,False,False,False,False,True,False,False,False,False,False,False,False,False,False,False,False,False,False,0.7091391,1,1,ChargesPerTenureMonth,High (50-75%)
0,0,0,0,1,1,1,45.4,45.4,22.7,1,1,0,0,3,False,False,False,False,False,False,False,False,False,False,False,False,False,False,False,False,False,False,False,False,True,0.7527552,1,1,ChargesPerTenureMonth,Critical (>75%)
1,1,1,0,36,1,1,85.25,3132.75,2.304054054054054,3,0,0,1,3,False,True,True,False,False,False,False,False,False,False,False,False,False,False,False,True,False,False,True,False,False,0.63390124,1,1,ContractRisk,High (50-75%)
1,0,1,0,64,1,1,104.05,6605.55,1.6007692307692307,6,0,1,1,1,False,False,True,False,False,True,False,True,False,False,False,True,False,True,False,True,False,True,True,False,False,0.20315334,0,0,ContractRisk,Low (<30%)
1,1,1,0,30,1,0,74.85,2181.75,2.414516129032258,5,0,0,1,1,False,True,False,False,False,False,False,False,False,True,False,False,False,True,False,True,False,True,False,True,False,0.16676591,0,0,ContractRisk,Low (<30%)
0,0,1,1,72,1,0,19.55,1463.45,0.2678082191780822,1,0,1,0,1,False,False,False,True,True,False,True,False,True,False,True,False,True,False,True,False,False,True,False,False,False,0.03255622,0,0,ContractRisk,Low (<30%)
1,0,1,1,46,1,1,20.1,936.85,0.4276595744680851,1,0,1,0,1,False,False,False,True,True,False,True,False,True,False,True,False,True,False,True,False,False,True,False,False,True,0.042988546,0,0,ContractRisk,Low (<30%)
0,0,1,0,45,1,1,95.2,4285.8,2.0695652173913044,4,0,1,1,1,False,False,True,False,False,False,False,False,False,False,False,True,False,True,False,True,False,True,True,False,False,0.15660655,0,0,ContractRisk,Low (<30%)
0,0,0,0,2,1,0,20.65,38.7,6.883333333333333,1,1,0,0,3,False,False,False,True,True,False,True,False,True,False,True,False,True,False,True,False,False,False,False,False,True,0.2961869,0,1,ContractRisk,Low (<30%)
0,0,0,0,34,1,0,55.0,1885.15,1.5714285714285714,3,0,0,0,2,False,False,False,False,False,True,False,True,False,False,False,False,False,False,False,False,True,False,False,False,True,0.13665493,0,0,ContractRisk,Low (<30%)
0,0,1,0,54,1,0,106.55,5763.3,1.937272727272728,6,0,1,1,2,False,True,True,False,False,True,False,True,False,False,False,False,False,True,False,True,True,False,False,False,False,0.40686235,0,1,ContractRisk,Medium (30-50%)
1,0,0,0,21,1,1,19.95,416.4,0.9068181818181816,1,0,0,0,3,False,False,False,True,True,False,True,False,True,False,True,False,True,False,True,False,False,False,False,False,True,0.16666786,0,0,ChargesPerTenureMonth,Low (<30%)
1,0,1,0,65,1,0,76.15,4929.55,1.1537878787878788,6,0,1,1,1,False,True,False,False,False,True,False,False,False,True,False,True,False,False,False,True,False,True,False,False,False,0.09661367,0,0,ContractRisk,Low (<30%)
0,0,1,0,20,1,1,69.8,1540.35,3.3238095238095235,1,0,0,0,3,False,False,True,False,False,False,False,False,False,False,False,False,False,False,False,False,False,False,False,False,False,0.6105,1,0,ContractRisk,High (50-75%)
1,0,0,0,1,1,1,79.5,79.5,39.75,2,1,0,0,3,False,False,True,False,False,False,False,False,False,False,False,False,False,True,False,False,False,False,False,True,False,0.9226552,1,1,ChargesPerTenureMonth,Critical (>75%)
1,0,1,1,42,1,1,69.4,3058.3,1.6139534883720932,5,0,1,0,3,False,True,False,False,False,True,False,True,False,False,False,False,False,True,False,False,False,False,False,False,False,0.27759072,0,0,ChargesPerTenureMonth,Low (<30%)
1,0,0,0,1,1,0,19.4,19.4,9.7,1,1,0,0,3,False,False,False,True,True,False,True,False,True,False,True,False,True,False,True,False,False,False,False,False,True,0.5257014,1,1,ContractRisk,High (50-75%)
0,0,1,0,20,1,1,96.55,1901.65,4.597619047619047,5,0,0,0,3,False,False,True,False,False,True,False,True,False,False,False,True,False,True,False,False,False,False,False,True,False,0.7142501,1,0,ContractRisk,High (50-75%)
1,0,0,0,11,1,0,70.2,760.05,5.8500000000000005,1,0,0,0,3,False,False,True,False,False,False,False,False,False,False,False,False,False,False,False,False,False,False,False,True,False,0.66903484,1,0,ContractRisk,High (50-75%)
0,0,1,0,61,1,0,25.3,1554.9,0.4080645161290323,2,0,1,0,1,False,True,False,True,True,False,True,False,True,False,True,False,True,False,True,False,False,True,False,False,False,0.055106565,0,0,ContractRisk,Low (<30%)
0,0,1,0,64,1,0,25.0,1584.8,0.3846153846153846,2,0,1,0,1,False,True,False,True,True,False,True,False,True,False,True,False,True,False,True,False,False,True,True,False,False,0.047981653,0,0,ContractRisk,Low (<30%)
0,1,1,0,25,1,0,88.4,2191.15,3.4000000000000004,4,0,0,0,3,False,False,True,False,False,False,False,True,False,True,False,False,False,False,False,True,False,False,False,False,False,0.6200572,1,0,ContractRisk,High (50-75%)
0,0,0,0,44,1,1,50.15,2139.1,1.1144444444444443,2,0,1,0,3,False,True,False,False,False,False,False,False,False,False,False,False,False,False,False,False,False,False,False,False,True,0.31203067,0,0,ChargesPerTenureMonth,Medium (30-50%)
0,0,1,0,5,1,0,69.95,330.15,11.658333333333331,1,1,0,0,3,False,False,True,False,False,False,False,False,False,False,False,False,False,False,False,False,False,False,False,True,False,0.7672411,1,1,ChargesPerTenureMonth,Critical (>75%)
0,1,1,1,48,0,0,29.9,1388.75,0.610204081632653,1,0,1,0,2,True,False,False,False,False,False,False,True,False,False,False,False,False,False,False,False,True,False,False,False,False,0.15679012,0,0,ContractRisk,Low (<30%)
1,0,0,0,6,1,1,74.9,469.8,10.7,2,1,0,0,3,False,True,True,False,False,False,False,False,False,False,False,False,False,False,False,False,False,False,False,True,False,0.86531484,1,1,ChargesPerTenureMonth,Critical (>75%)
1,0,1,0,4,1,0,50.05,179.35,10.01,2,1,0,0,3,False,False,False,False,False,False,False,False,False,False,False,True,False,False,False,False,False,False,False,False,True,0.58948904,1,1,ChargesPerTenureMonth,High (50-75%)
1,0,1,1,72,1,0,19.95,1322.85,0.2732876712328767,1,0,1,0,1,False,False,False,True,True,False,True,False,True,False,True,False,True,False,True,False,False,True,False,False,False,0.030762637,0,0,ContractRisk,Low (<30%)
1,0,0,0,54,1,0,89.4,4869.5,1.6254545454545457,4,0,1,1,3,False,True,True,False,False,False,False,False,False,True,False,False,False,False,False,True,False,False,True,False,False,0.48390034,1,0,ChargesPerTenureMonth,Medium (30-50%)
0,0,1,1,66,1,1,67.45,4508.65,1.0067164179104475,5,0,1,0,3,False,True,False,False,False,True,False,True,False,True,False,False,False,False,False,False,False,False,False,False,False,0.24065523,0,0,ChargesPerTenureMonth,Low (<30%)
1,0,0,0,3,1,1,49.9,130.1,12.475,2,1,0,0,3,False,False,False,False,False,False,False,True,False,False,False,False,False,False,False,False,False,False,False,False,True,0.7083182,1,1,ChargesPerTenureMonth,High (50-75%)
1,0,0,0,19,1,1,65.35,1231.85,3.2675,4,0,0,0,2,False,False,False,False,False,False,False,True,False,False,False,True,False,False,False,True,True,False,False,False,False,0.35180268,0,0,ContractRisk,Medium (30-50%)
1,0,1,1,61,1,1,81.0,4976.15,1.3064516129032258,6,0,1,1,1,False,True,False,False,False,False,False,False,False,True,False,True,False,True,False,True,False,True,False,False,False,0.11087534,0,0,ContractRisk,Low (<30%)
1,0,0,0,54,1,0,89.8,4667.0,1.6327272727272726,4,0,1,1,3,False,False,True,False,False,True,False,False,False,True,False,False,False,True,False,False,False,False,False,False,True,0.3849879,0,0,ChargesPerTenureMonth,Medium (30-50%)
0,0,0,0,1,1,0,49.95,49.95,24.975,2,1,0,0,3,False,False,False,False,False,False,False,True,False,False,False,False,False,False,False,False,False,False,False,True,False,0.70592815,1,0,ChargesPerTenureMonth,High (50-75%)
1,1,0,0,19,1,1,79.85,1471.75,3.9925,3,0,0,0,3,False,True,True,False,False,False,False,False,False,True,False,False,False,False,False,False,False,False,False,True,False,0.76687163,1,1,ContractRisk,Critical (>75%)
1,0,1,0,24,1,0,19.75,483.15,0.79,1,0,0,0,1,False,False,False,True,True,False,True,False,True,False,True,False,True,False,True,False,False,True,False,False,True,0.050589927,0,0,ContractRisk,Low (<30%)
0,1,0,1,33,1,1,105.35,3465.05,3.098529411764705,6,0,0,1,3,False,True,True,False,False,False,False,True,False,True,False,False,False,True,False,True,False,False,False,False,False,0.7020556,1,0,ContractRisk,High (50-75%)
0,0,1,0,31,1,1,83.85,2674.15,2.6203125,3,0,0,1,3,False,False,True,False,False,False,False,True,False,False,False,False,False,False,False,True,False,False,False,False,False,0.5978025,1,0,ContractRisk,High (50-75%)
1,0,1,0,59,0,1,44.3,2666.75,0.7383333333333333,2,0,1,0,3,True,False,False,False,False,False,False,False,False,False,False,False,False,True,False,True,False,False,False,True,False,0.5968627,1,0,ChargesPerTenureMonth,High (50-75%)
0,1,1,0,20,1,1,91.0,1859.5,4.333333333333333,3,0,0,0,2,False,False,True,False,False,False,False,False,False,False,False,False,False,True,False,True,True,False,False,False,False,0.45189664,1,0,ContractRisk,Medium (30-50%)
1,1,1,0,60,1,1,99.0,6017.9,1.6229508196721312,5,0,1,1,3,False,True,True,False,False,False,False,False,False,False,False,True,False,True,False,True,False,False,False,True,False,0.49920216,1,0,ChargesPerTenureMonth,Medium (30-50%)
1,0,0,1,18,1,1,80.55,1406.65,4.239473684210526,3,0,0,0,3,False,True,True,False,False,False,False,False,False,True,False,False,False,False,False,False,False,False,True,False,False,0.67501265,1,0,ContractRisk,High (50-75%)
0,0,0,1,19,1,1,60.6,1297.8,3.03,4,0,0,0,3,False,False,False,False,False,True,False,True,False,True,False,False,False,False,False,False,False,False,False,True,False,0.47259477,1,0,ContractRisk,Medium (30-50%)
0,0,1,1,24,1,0,19.7,452.55,0.7879999999999999,1,0,0,0,1,False,False,False,True,True,False,True,False,True,False,True,False,True,False,True,False,False,True,False,False,True,0.045761634,0,0,ContractRisk,Low (<30%)
0,0,1,1,9,1,0,20.25,172.35,2.025,1,0,0,0,2,False,False,False,True,True,False,True,False,True,False,True,False,True,False,True,False,True,False,False,False,True,0.08676108,0,0,ContractRisk,Low (<30%)
0,0,1,1,33,1,0,24.25,838.5,0.7132352941176471,2,0,0,0,3,False,True,False,True,True,False,True,False,True,False,True,False,True,False,True,False,False,False,False,False,False,0.17113873,0,0,ChargesPerTenureMonth,Low (<30%)
0,0,0,0,2,1,0,19.4,61.05,6.466666666666666,1,1,0,0,3,False,False,False,True,True,False,True,False,True,False,True,False,True,False,True,False,False,False,False,False,True,0.28808758,0,0,ContractRisk,Low (<30%)
1,0,1,0,67,1,1,93.15,6368.2,1.3698529411764706,5,0,1,1,1,False,True,True,False,False,False,False,True,False,True,False,False,False,False,False,True,False,True,False,True,False,0.18474312,0,0,ContractRisk,Low (<30%)
0,0,0,0,52,1,1,49.75,2535.55,0.9386792452830188,2,0,1,0,3,False,False,False,False,False,True,False,False,False,False,False,False,False,False,False,False,False,False,False,False,False,0.22223204,0,0,ChargesPerTenureMonth,Low (<30%)
0,0,0,0,5,1,1,19.65,92.05,3.275,1,1,0,0,3,False,False,False,True,True,False,True,False,True,False,True,False,True,False,True,False,False,False,True,False,False,0.32751983,0,0,ContractRisk,Medium (30-50%)
0,0,1,1,1,1,1,19.4,19.4,9.7,1,1,0,0,3,False,False,False,True,True,False,True,False,True,False,True,False,True,False,True,False,False,False,False,False,True,0.62604916,1,0,ChargesPerTenureMonth,High (50-75%)
1,0,0,0,67,1,1,19.8,1311.3,0.2911764705882353,1,0,1,0,1,False,False,False,True,True,False,True,False,True,False,True,False,True,False,True,False,False,True,False,False,True,0.05051519,0,0,ContractRisk,Low (<30%)
0,0,0,0,63,1,0,99.9,6137.0,1.5609375,5,0,1,1,2,False,True,True,False,False,False,False,True,False,False,False,False,False,True,False,True,True,False,False,False,False,0.36250418,0,1,ContractRisk,Medium (30-50%)
1,1,0,0,2,1,0,49.95,107.1,16.650000000000002,2,1,0,0,3,False,False,False,False,False,False,False,False,False,True,False,False,False,False,False,False,False,False,False,False,True,0.6998695,1,0,ChargesPerTenureMonth,High (50-75%)
1,1,1,0,25,1,1,89.05,2177.45,3.425,4,0,0,0,2,False,True,True,False,False,True,False,False,False,False,False,False,False,False,False,True,True,False,False,True,False,0.45143765,1,1,ContractRisk,Medium (30-50%)
1,0,0,0,19,1,1,19.95,373.5,0.9975,1,0,0,0,1,False,False,False,True,True,False,True,False,True,False,True,False,True,False,True,False,False,True,False,False,True,0.05055582,0,0,ContractRisk,Low (<30%)
1,0,0,1,62,1,0,56.15,3487.95,0.8912698412698412,3,0,1,0,2,False,False,False,False,False,True,False,True,False,False,False,False,False,False,False,False,True,False,False,False,False,0.0852856,0,0,ChargesPerTenureMonth,Low (<30%)
1,1,0,0,23,0,1,34.65,768.45,1.44375,1,0,0,0,3,True,False,False,False,False,False,False,False,False,False,False,False,False,False,False,True,False,False,False,False,False,0.53295,1,0,ChargesPerTenureMonth,High (50-75%)
1,0,1,0,70,1,0,64.95,4523.25,0.9147887323943662,5,0,1,0,1,False,False,False,False,False,True,False,True,False,True,False,True,False,False,False,False,False,True,True,False,False,0.059941195,0,0,ContractRisk,Low (<30%)
1,0,0,0,29,1,1,94.2,2607.6,3.14,4,0,0,0,3,False,False,True,False,False,False,False,False,False,False,False,True,False,True,False,True,False,False,False,True,False,0.6885859,1,0,ContractRisk,High (50-75%)
1,0,1,0,32,1,1,78.9,2447.95,2.390909090909091,3,0,0,1,3,False,True,True,False,False,False,False,False,False,True,False,False,False,False,False,False,False,False,False,True,False,0.73452914,1,1,ContractRisk,High (50-75%)
0,0,0,0,31,1,0,65.25,1994.3,2.0390625,5,0,0,0,3,False,True,False,False,False,True,False,False,False,True,False,True,False,False,False,False,False,False,True,False,False,0.22038954,0,1,ContractRisk,Low (<30%)
0,0,0,0,59,1,0,95.8,5655.45,1.596666666666667,4,0,1,1,1,False,False,True,False,False,False,False,False,False,True,False,False,False,True,False,True,False,True,False,True,False,0.22573926,0,0,ContractRisk,Low (<30%)
1,0,0,0,32,1,1,64.85,2010.95,1.9651515151515149,3,0,0,0,2,False,False,False,False,False,False,False,False,False,False,False,False,False,True,False,True,True,False,False,False,False,0.31613868,0,0,ContractRisk,Medium (30-50%)
1,0,1,0,17,0,1,49.8,836.35,2.7666666666666666,3,0,0,0,3,True,False,False,False,False,False,False,True,False,False,False,False,False,True,False,True,False,False,False,False,True,0.58210385,1,0,ContractRisk,High (50-75%)
1,0,0,0,26,1,0,20.9,518.3,0.774074074074074,1,0,0,0,3,False,False,False,True,True,False,True,False,True,False,True,False,True,False,True,False,False,False,False,False,True,0.15825164,0,0,ChargesPerTenureMonth,Low (<30%)
1,0,0,0,12,1,0,94.55,1173.55,7.273076923076923,4,0,0,0,3,False,True,True,False,False,False,False,False,False,False,False,False,False,True,False,True,False,False,False,True,False,0.7957316,1,0,ContractRisk,Critical (>75%)
1,0,1,1,61,1,1,98.45,6145.2,1.5879032258064516,5,0,1,1,2,False,False,True,False,False,False,False,True,False,False,False,True,False,True,False,True,True,False,False,False,False,0.32904452,0,0,ContractRisk,Medium (30-50%)
0,0,1,0,71,1,0,19.6,1416.5,0.2722222222222222,1,0,1,0,1,False,False,False,True,True,False,True,False,True,False,True,False,True,False,True,False,False,True,False,False,True,0.037374686,0,0,ContractRisk,Low (<30%)
0,0,0,0,9,1,1,20.45,147.55,2.045,1,0,0,0,3,False,False,False,True,True,False,True,False,True,False,True,False,True,False,True,False,False,False,True,False,False,0.26508033,0,0,ChargesPerTenureMonth,Low (<30%)
1,1,1,0,24,1,1,104.25,2433.9,4.17,6,0,0,0,3,False,True,True,False,False,False,False,True,False,True,False,False,False,True,False,True,False,False,False,True,False,0.8281541,1,1,ContractRisk,Critical (>75%)
0,1,0,0,7,1,1,89.15,574.35,11.14375,3,0,0,0,3,False,False,True,False,False,False,False,False,False,False,False,False,False,True,False,True,False,False,False,True,False,0.8616907,1,0,ChargesPerTenureMonth,Critical (>75%)
1,0,0,1,41,1,1,111.15,4507.15,2.646428571428572,7,0,1,1,1,False,False,True,False,False,True,False,True,False,True,False,True,False,True,False,True,False,True,False,True,False,0.29350075,0,0,ContractRisk,Low (<30%)
1,0,1,1,20,1,1,90.2,1776.55,4.295238095238095,3,0,0,0,3,False,False,True,False,False,False,False,False,False,False,False,False,False,True,False,True,False,False,False,True,False,0.77072716,1,1,ContractRisk,Critical (>75%)
1,0,1,0,33,1,0,91.25,2964.05,2.6838235294117645,3,0,0,1,3,False,False,True,False,False,False,False,False,False,False,False,False,False,True,False,True,False,False,False,True,False,0.63269186,1,0,ContractRisk,High (50-75%)
1,0,0,0,56,1,1,81.8,4534.45,1.4350877192982456,6,0,1,1,1,False,False,False,False,False,False,False,True,False,True,False,True,False,True,False,True,False,True,True,False,False,0.0759686,0,0,ContractRisk,Low (<30%)
1,0,1,1,1,1,1,74.5,74.5,37.25,2,1,0,0,3,False,True,True,False,False,False,False,False,False,False,False,False,False,False,False,False,False,False,False,True,False,0.91355646,1,1,ChargesPerTenureMonth,Critical (>75%)
1,0,0,0,4,1,1,76.05,318.9,15.21,2,1,0,0,3,False,True,True,False,False,False,False,False,False,False,False,False,False,False,False,False,False,False,False,True,False,0.87474364,1,1,ChargesPerTenureMonth,Critical (>75%)
0,0,0,0,54,1,0,111.1,6014.85,2.02,7,0,1,1,3,False,True,True,False,False,False,False,True,False,True,False,True,False,True,False,True,False,False,False,True,False,0.5302786,1,1,ChargesPerTenureMonth,High (50-75%)
0,0,1,1,8,1,1,68.55,564.35,7.616666666666666,4,0,0,0,3,False,False,False,False,False,False,False,False,False,False,False,True,False,True,False,True,False,False,False,True,False,0.64153373,1,0,ContractRisk,High (50-75%)
1,0,1,0,58,0,1,45.0,2689.35,0.7627118644067796,2,0,1,0,2,True,False,False,False,False,False,False,False,False,False,False,False,False,True,False,True,True,False,True,False,False,0.26262155,0,0,ChargesPerTenureMonth,Low (<30%)
1,0,1,0,34,1,0,100.85,3527.3,2.8814285714285712,5,0,0,1,3,False,True,True,False,False,False,False,False,False,True,False,False,False,True,False,True,False,False,False,True,False,0.6594127,1,0,ContractRisk,High (50-75%)
0,1,0,0,2,0,1,30.4,78.65,10.133333333333333,1,1,0,0,3,True,False,False,False,False,False,False,False,False,True,False,False,False,False,False,False,False,False,False,True,False,0.8275258,1,1,ChargesPerTenureMonth,Critical (>75%)
1,0,0,1,25,1,1,95.9,2448.75,3.688461538461538,4,0,0,0,3,False,False,True,False,False,False,False,True,False,False,False,False,False,True,False,True,False,False,False,True,False,0.75428,1,1,ContractRisk,Critical (>75%)
0,0,1,0,68,1,1,89.95,5974.3,1.3036231884057972,4,0,1,1,1,False,True,True,False,False,False,False,False,False,True,False,False,False,True,False,False,False,True,False,False,False,0.13587654,0,0,ContractRisk,Low (<30%)
0,0,1,0,71,1,1,105.15,7555.0,1.4604166666666667,6,0,1,1,1,False,True,True,False,False,False,False,True,False,True,False,False,False,True,False,True,False,True,False,False,False,0.26410946,0,0,ContractRisk,Low (<30%)
0,0,0,1,1,1,0,59.2,59.2,29.6,3,1,0,0,3,False,False,False,False,False,False,False,False,False,True,False,False,False,False,False,True,False,False,False,True,False,0.7319685,1,1,ChargesPerTenureMonth,High (50-75%)
1,0,0,0,13,1,0,98.15,1230.25,7.010714285714286,5,0,0,0,3,False,True,True,False,False,True,False,False,False,False,False,False,False,True,False,True,False,False,False,False,True,0.7015381,1,1,ContractRisk,High (50-75%)
1,0,1,1,5,1,1,84.5,453.75,14.083333333333334,4,1,0,0,3,False,True,True,False,False,True,False,False,False,True,False,False,False,False,False,False,False,False,False,True,False,0.81483215,1,1,ChargesPerTenureMonth,Critical (>75%)
0,0,0,0,22,1,0,20.85,450.65,0.9065217391304348,1,0,0,0,2,False,False,False,True,True,False,True,False,True,False,True,False,True,False,True,False,True,False,False,False,False,0.080270894,0,0,ChargesPerTenureMonth,Low (<30%)
0,0,1,1,10,1,0,26.1,225.55,2.372727272727273,2,0,0,0,1,False,True,False,True,True,False,True,False,True,False,True,False,True,False,True,False,False,True,True,False,False,0.074306265,0,0,ContractRisk,Low (<30%)
1,1,1,0,55,1,1,74.0,4052.4,1.3214285714285714,2,0,1,1,3,False,True,True,False,False,False,False,False,False,False,False,False,False,False,False,False,False,False,False,True,False,0.57941747,1,0,ChargesPerTenureMonth,High (50-75%)
0,0,1,1,27,1,1,20.55,583.3,0.7339285714285715,1,0,0,0,2,False,False,False,True,True,False,True,False,True,False,True,False,True,False,True,False,True,False,False,False,True,0.058538094,0,0,ContractRisk,Low (<30%)
0,0,0,0,10,1,0,18.85,163.2,1.7136363636363638,1,0,0,0,3,False,False,False,True,True,False,True,False,True,False,True,False,True,False,True,False,False,False,False,False,True,0.18362342,0,0,ChargesPerTenureMonth,Low (<30%)
1,0,0,0,23,1,0,20.85,473.9,0.86875,1,0,0,0,3,False,False,False,True,True,False,True,False,True,False,True,False,True,False,True,False,False,False,False,True,False,0.20624825,0,0,ChargesPerTenureMonth,Low (<30%)
1,0,1,1,70,1,1,84.1,5979.7,1.184507042253521,7,0,1,1,1,False,True,False,False,False,False,False,True,False,True,False,True,False,True,False,True,False,True,False,True,False,0.1412382,0,0,ContractRisk,Low (<30%)
0,0,0,1,5,1,0,46.0,221.7,7.666666666666667,1,1,0,0,3,False,False,False,False,False,False,False,False,False,False,False,False,False,False,False,False,False,False,False,False,True,0.54109895,1,1,ContractRisk,High (50-75%)
0,0,0,0,24,1,1,19.55,470.2,0.782,1,0,0,0,1,False,False,False,True,True,False,True,False,True,False,True,False,True,False,True,False,False,True,False,False,False,0.053623654,0,0,ContractRisk,Low (<30%)
0,0,0,0,8,1,1,20.2,140.95,2.2444444444444445,1,0,0,0,2,False,False,False,True,True,False,True,False,True,False,True,False,True,False,True,False,True,False,False,False,False,0.14327921,0,0,ContractRisk,Low (<30%)
1,0,1,0,19,1,1,88.8,1672.35,4.44,5,0,0,0,3,False,True,True,False,False,True,False,True,False,False,False,True,False,False,False,False,False,False,True,False,False,0.5892524,1,0,ContractRisk,High (50-75%)
1,1,1,0,43,1,1,100.55,4304.0,2.2852272727272727,5,0,1,1,2,False,False,True,False,False,False,False,True,False,True,False,False,False,True,False,True,True,False,False,False,False,0.49265662,1,0,ContractRisk,Medium (30-50%)
1,1,0,0,67,1,1,101.4,6841.05,1.491176470588235,5,0,1,1,3,False,True,True,False,False,False,False,False,False,True,False,False,False,True,False,True,False,False,True,False,False,0.6365581,1,0,ChargesPerTenureMonth,High (50-75%)
1,0,0,0,4,1,1,55.3,238.5,11.06,2,1,0,0,3,False,False,False,False,False,False,False,False,False,False,False,False,False,False,False,True,False,False,False,False,True,0.7077245,1,0,ChargesPerTenureMonth,High (50-75%)
1,0,1,0,59,1,0,113.75,6561.25,1.8958333333333333,8,0,1,1,1,False,True,True,False,False,True,False,True,False,True,False,True,False,True,False,True,False,True,False,True,False,0.2262756,0,0,ContractRisk,Low (<30%)
1,0,1,0,72,1,0,25.4,1710.9,0.347945205479452,2,0,1,0,1,False,True,False,True,True,False,True,False,True,False,True,False,True,False,True,False,False,True,False,False,True,0.03705303,0,0,ContractRisk,Low (<30%)
1,0,0,1,19,1,1,20.0,377.55,1.0,1,0,0,0,3,False,False,False,True,True,False,True,False,True,False,True,False,True,False,True,False,False,False,False,True,False,0.25931144,0,0,ChargesPerTenureMonth,Low (<30%)
0,0,0,0,1,1,0,73.5,73.5,36.75,2,1,0,0,3,False,False,True,False,False,False,False,False,False,True,False,False,False,False,False,False,False,False,False,False,False,0.8539819,1,1,ChargesPerTenureMonth,Critical (>75%)
0,0,1,1,30,0,0,51.2,1561.5,1.6516129032258065,3,0,0,0,3,True,False,False,False,False,False,False,False,False,False,False,True,False,True,False,True,False,False,True,False,False,0.2883199,0,1,ChargesPerTenureMonth,Low (<30%)
0,0,1,0,2,1,1,74.4,139.4,24.8,2,1,0,0,3,False,False,True,False,False,True,False,False,False,False,False,False,False,False,False,False,False,False,False,True,False,0.77819973,1,1,ContractRisk,Critical (>75%)
1,0,1,1,60,1,1,65.85,3928.3,1.0795081967213114,5,0,1,0,2,False,False,False,False,False,True,False,True,False,True,False,True,False,False,False,False,True,False,False,False,False,0.1152114,0,0,ContractRisk,Low (<30%)
1,0,0,0,44,1,1,111.5,4915.15,2.477777777777778,7,0,1,1,3,False,True,True,False,False,True,False,True,False,True,False,False,False,True,False,True,False,False,False,True,False,0.6711158,1,0,ContractRisk,High (50-75%)
0,0,0,0,1,1,1,48.6,48.6,24.3,2,1,0,0,3,False,False,False,False,False,False,False,True,False,False,False,False,False,False,False,False,False,False,False,True,False,0.78688306,1,0,ChargesPerTenureMonth,Critical (>75%)
1,0,1,0,3,0,1,29.9,92.25,7.475,1,1,0,0,3,True,False,False,False,False,False,False,False,False,False,False,True,False,False,False,False,False,False,False,True,False,0.7435222,1,0,ContractRisk,High (50-75%)
1,1,1,0,71,1,0,24.85,1901.0,0.3451388888888889,2,0,1,0,1,False,True,False,True,True,False,True,False,True,False,True,False,True,False,True,False,False,True,False,False,False,0.044574756,0,0,ContractRisk,Low (<30%)
0,0,0,0,2,1,0,49.2,103.7,16.400000000000002,2,1,0,0,3,False,False,False,False,False,False,False,True,False,False,False,False,False,False,False,False,False,False,False,False,True,0.656461,1,0,ChargesPerTenureMonth,High (50-75%)
0,0,0,0,1,0,0,25.85,25.85,12.925,0,1,0,0,2,True,False,False,False,False,False,False,False,False,False,False,False,False,False,False,False,True,False,False,False,True,0.3097365,0,0,ContractRisk,Medium (30-50%)
0,0,1,1,72,1,1,115.5,8425.15,1.582191780821918,8,0,1,1,1,False,True,True,False,False,True,False,True,False,True,False,True,False,True,False,True,False,True,False,True,False,0.073872566,0,0,ContractRisk,Low (<30%)
0,0,0,0,6,1,1,85.95,514.6,12.278571428571428,3,1,0,0,3,False,False,True,False,False,False,False,True,False,False,False,False,False,False,False,True,False,False,False,False,True,0.8498439,1,0,ChargesPerTenureMonth,Critical (>75%)
0,0,0,0,1,1,1,85.55,85.55,42.775,3,1,0,0,3,False,False,True,False,False,False,False,False,False,True,False,False,False,True,False,False,False,False,True,False,False,0.90319365,1,1,ChargesPerTenureMonth,Critical (>75%)
1,1,0,0,20,1,0,89.95,1648.45,4.283333333333333,3,0,0,0,3,False,False,True,False,False,False,False,False,False,False,False,False,False,True,False,True,False,False,False,True,False,0.74242115,1,0,ContractRisk,High (50-75%)
1,0,0,0,1,1,1,88.35,88.35,44.175,3,1,0,0,3,False,False,True,False,False,False,False,False,False,False,False,False,False,True,False,True,False,False,False,True,False,0.9194201,1,1,ChargesPerTenureMonth,Critical (>75%)
1,0,0,0,12,1,0,20.05,265.45,1.5423076923076924,1,0,0,0,3,False,False,False,True,True,False,True,False,True,False,True,False,True,False,True,False,False,False,True,False,False,0.22470166,0,0,ChargesPerTenureMonth,Low (<30%)
1,0,0,0,9,0,1,24.95,190.25,2.495,0,0,0,0,3,True,False,False,False,False,False,False,False,False,False,False,False,False,False,False,False,False,False,False,True,False,0.65073496,1,0,ContractRisk,High (50-75%)
0,0,0,0,12,1,0,20.1,223.6,1.5461538461538462,1,0,0,0,3,False,False,False,True,True,False,True,False,True,False,True,False,True,False,True,False,False,False,False,False,True,0.20513546,0,0,ChargesPerTenureMonth,Low (<30%)
0,0,0,0,1,1,1,49.9,49.9,24.95,2,1,0,0,3,False,False,False,False,False,False,False,False,False,False,False,True,False,False,False,False,False,False,False,True,False,0.7577693,1,0,ChargesPerTenureMonth,Critical (>75%)
1,0,0,0,17,1,1,19.65,351.55,1.0916666666666666,1,0,0,0,2,False,False,False,True,True,False,True,False,True,False,True,False,True,False,True,False,True,False,False,False,False,0.10820854,0,0,ContractRisk,Low (<30%)
0,0,0,0,12,1,1,79.55,958.25,6.119230769230769,3,0,0,0,3,False,True,True,False,False,False,False,False,False,False,False,True,False,False,False,False,False,False,True,False,False,0.6837643,1,0,ContractRisk,High (50-75%)
1,0,0,0,12,1,1,106.7,1253.9,8.207692307692309,6,0,0,0,3,False,True,True,False,False,False,False,True,False,True,False,False,False,True,False,True,False,False,False,True,False,0.86967605,1,1,ContractRisk,Critical (>75%)
0,0,0,0,15,1,1,55.7,899.8,3.48125,3,0,0,0,3,False,True,False,False,False,True,False,False,False,False,False,False,False,False,False,False,False,False,False,False,True,0.38625756,0,1,ContractRisk,Medium (30-50%)
1,0,1,0,71,1,1,99.0,6994.6,1.375,6,0,1,1,1,False,True,True,False,False,True,False,True,False,True,False,False,False,True,False,False,False,True,False,True,False,0.15345299,0,0,ContractRisk,Low (<30%)
0,0,1,0,30,1,1,85.0,2624.25,2.7419354838709675,3,0,0,1,3,False,True,True,False,False,False,False,False,False,False,False,False,False,False,False,True,False,False,False,True,False,0.7301572,1,1,ContractRisk,High (50-75%)
1,0,0,1,33,1,1,20.15,682.15,0.5926470588235294,1,0,0,0,2,False,False,False,True,True,False,True,False,True,False,True,False,True,False,True,False,True,False,False,False,True,0.05497466,0,0,ChargesPerTenureMonth,Low (<30%)
0,0,0,0,1,1,0,19.9,19.9,9.95,1,1,0,0,3,False,False,False,True,True,False,True,False,True,False,True,False,True,False,True,False,False,False,False,False,True,0.60258347,1,0,ChargesPerTenureMonth,High (50-75%)
0,0,1,1,62,1,1,70.45,4300.45,1.1182539682539685,4,0,1,1,3,False,True,False,False,False,False,False,False,False,False,False,False,False,True,False,True,False,False,True,False,False,0.3294264,0,0,ChargesPerTenureMonth,Medium (30-50%)
0,0,1,1,72,1,1,116.8,8456.75,1.6,8,0,1,1,1,False,True,True,False,False,True,False,True,False,True,False,True,False,True,False,True,False,True,True,False,False,0.07026471,0,0,ContractRisk,Low (<30%)
0,0,1,1,30,1,0,66.3,1923.5,2.138709677419355,4,0,0,0,3,False,False,False,False,False,True,False,False,False,False,False,True,False,False,False,True,False,False,False,False,False,0.24589513,0,0,ContractRisk,Low (<30%)
0,0,0,1,3,1,1,20.55,57.4,5.1375,1,1,0,0,2,False,False,False,True,True,False,True,False,True,False,True,False,True,False,True,False,True,False,True,False,False,0.15400988,0,0,ContractRisk,Low (<30%)
0,0,1,1,28,1,1,90.45,2509.25,3.11896551724138,4,0,0,0,2,False,True,True,False,False,False,False,False,False,False,False,True,False,False,False,True,True,False,False,True,False,0.4320505,0,0,ContractRisk,Medium (30-50%)
1,0,0,0,30,1,1,94.3,2679.7,3.041935483870968,5,0,0,1,3,False,True,True,False,False,True,False,True,False,False,False,False,False,False,False,True,False,False,True,False,False,0.55375546,1,0,ContractRisk,High (50-75%)
0,0,1,1,12,1,0,19.0,233.55,1.4615384615384617,1,0,0,0,3,False,False,False,True,True,False,True,False,True,False,True,False,True,False,True,False,False,False,False,False,True,0.18936838,0,1,ChargesPerTenureMonth,Low (<30%)
1,0,0,0,51,1,1,24.6,1266.4,0.4730769230769231,2,0,1,0,2,False,True,False,True,True,False,True,False,True,False,True,False,True,False,True,False,True,False,False,False,False,0.07920484,0,0,ChargesPerTenureMonth,Low (<30%)
0,0,0,0,15,0,0,45.9,693.45,2.86875,4,0,0,0,2,True,False,False,False,False,True,False,True,False,True,False,True,False,False,False,False,True,False,False,False,True,0.1563879,0,0,ContractRisk,Low (<30%)
1,0,1,1,72,1,1,25.1,1790.8,0.3438356164383562,2,0,1,0,1,False,True,False,True,True,False,True,False,True,False,True,False,True,False,True,False,False,True,True,False,False,0.0377392,0,0,ContractRisk,Low (<30%)
1,0,0,0,32,1,1,108.15,3432.9,3.277272727272728,7,0,0,1,3,False,True,True,False,False,True,False,True,False,False,False,True,False,True,False,True,False,False,True,False,False,0.5605381,1,1,ContractRisk,High (50-75%)
0,1,0,0,6,1,1,74.1,450.9,10.585714285714284,2,1,0,0,3,False,False,True,False,False,True,False,False,False,False,False,False,False,False,False,False,False,False,False,True,False,0.78450644,1,0,ContractRisk,Critical (>75%)
1,0,1,0,63,1,0,70.8,4448.8,1.10625,5,0,1,1,2,False,False,False,False,False,True,False,True,False,False,False,True,False,True,False,False,True,False,True,False,False,0.11695699,0,0,ContractRisk,Low (<30%)
0,1,0,0,11,1,1,95.15,997.65,7.929166666666667,4,0,0,0,3,False,True,True,False,False,False,False,False,False,False,False,False,False,True,False,True,False,False,False,False,False,0.8644873,1,1,ContractRisk,Critical (>75%)
1,0,0,0,19,1,1,61.55,1093.2,3.0775,3,0,0,0,3,False,False,False,False,False,False,False,False,False,False,False,True,False,True,False,False,False,False,True,False,False,0.41294697,0,0,ContractRisk,Medium (30-50%)
1,0,1,1,64,1,1,73.05,4688.65,1.1238461538461535,5,0,1,1,2,False,False,False,False,False,True,False,False,False,True,False,False,False,True,False,True,True,False,True,False,False,0.20555602,0,0,ContractRisk,Low (<30%)
0,0,1,1,7,1,0,69.45,477.05,8.68125,5,0,0,0,2,False,False,False,False,False,True,False,True,False,True,False,False,False,True,False,False,True,False,False,True,False,0.25417653,0,0,ContractRisk,Low (<30%)
0,1,0,0,4,1,0,20.05,91.45,4.01,1,1,0,0,3,False,False,False,True,True,False,True,False,True,False,True,False,True,False,True,False,False,False,False,False,True,0.29556152,0,0,ContractRisk,Low (<30%)
1,0,0,0,7,1,1,19.95,147.5,2.49375,1,0,0,0,3,False,False,False,True,True,False,True,False,True,False,True,False,True,False,True,False,False,False,False,False,True,0.27615944,0,0,ContractRisk,Low (<30%)
1,0,0,0,4,1,1,90.4,356.65,18.08,4,1,0,0,3,False,False,True,False,False,False,False,False,False,True,False,True,False,False,False,True,False,False,False,True,False,0.82968795,1,0,ChargesPerTenureMonth,Critical (>75%)
0,0,0,0,3,1,1,74.55,233.65,18.6375,2,1,0,0,3,False,False,True,False,False,True,False,False,False,False,False,False,False,False,False,False,False,False,False,True,False,0.76439327,1,0,ContractRisk,Critical (>75%)
0,1,0,0,65,0,1,53.5,3517.9,0.8106060606060606,4,0,1,0,1,True,False,False,False,False,False,False,True,False,True,False,False,False,True,False,True,False,True,False,False,False,0.10284175,0,0,ContractRisk,Low (<30%)
1,0,1,1,42,1,0,63.7,2763.35,1.4813953488372094,4,0,1,0,2,False,False,False,False,False,True,False,False,False,False,False,True,False,False,False,True,True,False,True,False,False,0.20526578,0,0,ContractRisk,Low (<30%)
1,0,0,0,26,1,0,75.0,1908.35,2.7777777777777777,5,0,0,0,2,False,False,False,False,False,True,False,False,False,False,False,True,False,True,False,True,True,False,False,False,False,0.2224579,0,0,ContractRisk,Low (<30%)
0,0,0,0,48,1,0,25.05,1171.5,0.5112244897959184,2,0,1,0,2,False,True,False,True,True,False,True,False,True,False,True,False,True,False,True,False,True,False,True,False,False,0.07814486,0,0,ChargesPerTenureMonth,Low (<30%)
1,0,1,1,69,1,1,99.35,6856.45,1.4192857142857145,5,0,1,1,1,False,True,True,False,False,False,False,False,False,False,False,True,False,True,False,True,False,True,False,True,False,0.20922281,0,0,ContractRisk,Low (<30%)
1,0,1,1,17,0,0,44.45,792.15,2.469444444444445,3,0,0,0,2,True,False,False,False,False,True,False,False,False,True,False,False,False,True,False,False,True,False,True,False,False,0.16767853,0,0,ContractRisk,Low (<30%)
0,0,1,1,1,1,1,21.0,21.0,10.5,1,1,0,0,3,False,False,False,True,True,False,True,False,True,False,True,False,True,False,True,False,False,False,False,True,False,0.71697307,1,1,ChargesPerTenureMonth,High (50-75%)
0,0,0,0,4,1,1,76.65,333.6,15.330000000000002,2,1,0,0,3,False,False,True,False,False,False,False,True,False,False,False,False,False,False,False,False,False,False,False,False,False,0.8380722,1,1,ChargesPerTenureMonth,Critical (>75%)
0,1,0,0,34,1,1,96.35,3190.25,2.7528571428571427,5,0,0,1,3,False,True,True,False,False,False,False,True,False,False,False,True,False,True,False,False,False,False,False,True,False,0.69452286,1,0,ContractRisk,High (50-75%)
0,0,0,0,2,1,0,70.35,139.25,23.45,1,1,0,0,3,False,False,True,False,False,False,False,False,False,False,False,False,False,False,False,False,False,False,False,True,False,0.7735728,1,0,ChargesPerTenureMonth,Critical (>75%)
0,0,1,1,1,1,0,50.45,50.45,25.225,2,1,0,0,3,False,False,False,False,False,False,False,False,False,True,False,False,False,False,False,False,False,False,False,False,True,0.7126995,1,1,ChargesPerTenureMonth,High (50-75%)
0,0,0,0,12,1,0,20.3,246.7,1.5615384615384615,1,0,0,0,3,False,False,False,True,True,False,True,False,True,False,True,False,True,False,True,False,False,False,False,False,True,0.20513546,0,0,ChargesPerTenureMonth,Low (<30%)
1,0,0,0,38,1,1,69.5,2625.25,1.7820512820512822,1,0,1,0,3,False,False,True,False,False,False,False,False,False,False,False,False,False,False,False,False,False,False,True,False,False,0.55740494,1,0,ContractRisk,High (50-75%)
0,0,1,1,31,1,0,80.55,2471.6,2.5171875,6,0,0,1,1,False,True,False,False,False,False,False,True,False,False,False,True,False,True,False,True,False,True,False,False,False,0.10175676,0,0,ContractRisk,Low (<30%)
0,0,1,1,67,1,1,108.75,7156.2,1.599264705882353,7,0,1,1,1,False,True,True,False,False,True,False,False,False,True,False,True,False,True,False,True,False,True,True,False,False,0.24002135,0,1,ContractRisk,Low (<30%)
1,0,1,1,22,1,1,88.75,1885.15,3.858695652173913,4,0,0,0,3,False,True,True,False,False,False,False,False,False,True,False,False,False,True,False,False,False,False,False,True,False,0.76131517,1,0,ContractRisk,Critical (>75%)
0,0,1,0,63,1,1,81.2,4965.1,1.26875,3,0,1,1,2,False,True,True,False,False,False,False,False,False,False,False,True,False,False,False,False,True,False,True,False,False,0.1460793,0,0,ContractRisk,Low (<30%)
0,0,0,0,70,1,0,79.6,5589.45,1.12112676056338,6,0,1,1,1,False,False,False,False,False,True,False,False,False,True,False,True,False,True,False,True,False,True,False,False,False,0.10079926,0,0,ContractRisk,Low (<30%)
1,0,0,0,1,1,0,20.45,20.45,10.225,1,1,0,0,3,False,False,False,True,True,False,True,False,True,False,True,False,True,False,True,False,False,False,False,False,True,0.5805609,1,0,ChargesPerTenureMonth,High (50-75%)
0,0,1,1,49,1,0,100.45,4941.8,2.009,5,0,1,1,2,False,True,True,False,False,False,False,True,False,False,False,False,False,True,False,True,True,False,False,False,True,0.33990943,0,1,ContractRisk,Medium (30-50%)
0,1,1,0,71,1,0,89.45,6435.25,1.2423611111111112,4,0,1,1,1,False,False,True,False,False,False,False,True,False,True,False,False,False,False,False,True,False,True,True,False,False,0.12148509,0,0,ContractRisk,Low (<30%)
0,0,1,1,23,1,1,66.25,1533.8,2.7604166666666665,5,0,0,0,2,False,False,False,False,False,True,False,True,False,True,False,True,False,False,False,False,True,False,False,False,True,0.17176656,0,0,ContractRisk,Low (<30%)
1,0,1,1,72,1,1,90.8,6397.6,1.2438356164383562,8,0,1,1,1,False,True,False,False,False,True,False,True,False,True,False,True,False,True,False,True,False,True,True,False,False,0.040135637,0,0,ContractRisk,Low (<30%)
0,0,1,1,72,1,1,71.45,5025.85,0.9787671232876712,5,0,1,1,1,False,True,False,False,False,True,False,False,False,True,False,False,False,True,False,False,False,True,False,False,False,0.052451365,0,0,ContractRisk,Low (<30%)
0,0,0,0,2,1,0,69.75,144.55,23.25,1,1,0,0,3,False,False,True,False,False,False,False,False,False,False,False,False,False,False,False,False,False,False,False,False,False,0.7694751,1,1,ChargesPerTenureMonth,Critical (>75%)
0,0,0,0,42,1,0,59.65,2536.55,1.3872093023255814,4,0,1,0,3,False,False,False,False,False,True,False,True,False,True,False,False,False,False,False,False,False,False,False,False,False,0.26885813,0,0,ChargesPerTenureMonth,Low (<30%)
0,0,1,1,47,1,0,19.75,948.9,0.4114583333333333,1,0,1,0,1,False,False,False,True,True,False,True,False,True,False,True,False,True,False,True,False,False,True,False,False,True,0.05351036,0,0,ContractRisk,Low (<30%)
1,0,0,1,29,1,0,19.85,535.05,0.6616666666666667,1,0,0,0,2,False,False,False,True,True,False,True,False,True,False,True,False,True,False,True,False,True,False,False,False,True,0.05890232,0,0,ContractRisk,Low (<30%)
0,0,1,1,72,0,1,63.8,4684.3,0.873972602739726,6,0,1,0,1,True,False,False,False,False,True,False,True,False,True,False,True,False,True,False,True,False,True,False,False,False,0.03855906,0,0,ContractRisk,Low (<30%)
1,0,0,0,1,1,1,69.55,69.55,34.775,1,1,0,0,3,False,False,True,False,False,False,False,False,False,False,False,False,False,False,False,False,False,False,False,True,False,0.9185315,1,1,ChargesPerTenureMonth,Critical (>75%)
1,0,0,0,40,1,1,51.1,2092.9,1.246341463414634,2,0,1,0,3,False,False,False,False,False,False,False,False,False,False,False,True,False,False,False,False,False,False,False,True,False,0.24355678,0,0,ChargesPerTenureMonth,Low (<30%)
1,0,0,0,1,1,0,62.05,62.05,31.025,4,1,0,0,3,False,True,False,False,False,False,False,False,False,True,False,True,False,False,False,False,False,False,False,False,True,0.639253,1,1,ChargesPerTenureMonth,High (50-75%)
0,1,0,0,1,1,1,85.0,85.0,42.5,3,1,0,0,3,False,False,True,False,False,False,False,False,False,True,False,False,False,False,False,True,False,False,False,True,False,0.9200344,1,1,ChargesPerTenureMonth,Critical (>75%)
1,0,1,1,70,1,0,98.3,6859.5,1.384507042253521,5,0,1,1,1,False,True,True,False,False,False,False,True,False,False,False,False,False,True,False,True,False,True,False,False,False,0.14920844,0,1,ContractRisk,Low (<30%)
1,0,0,0,49,1,1,19.9,1022.6,0.3979999999999999,1,0,1,0,1,False,False,False,True,True,False,True,False,True,False,True,False,True,False,True,False,False,True,True,False,False,0.044455063,0,0,ContractRisk,Low (<30%)
1,0,0,0,17,1,1,76.65,1313.55,4.258333333333334,2,0,0,0,3,False,False,True,False,False,False,False,False,False,True,False,False,False,False,False,False,False,False,False,True,False,0.7480972,1,1,ContractRisk,High (50-75%)
1,0,0,0,33,1,1,66.4,2245.4,1.9529411764705884,4,0,0,0,3,False,False,False,False,False,False,False,True,False,True,False,False,False,True,False,False,False,False,True,False,False,0.38662738,0,0,ContractRisk,Medium (30-50%)
1,1,1,0,17,1,1,100.45,1622.45,5.580555555555556,5,0,0,0,3,False,True,True,False,False,False,False,False,False,True,False,False,False,True,False,True,False,False,True,False,False,0.7744487,1,1,ContractRisk,Critical (>75%)
1,0,1,1,21,1,1,75.9,1549.75,3.45,5,0,0,0,2,False,True,False,False,False,True,False,False,False,False,False,False,False,True,False,True,True,False,False,False,False,0.33399534,0,0,ContractRisk,Medium (30-50%)
0,0,0,0,35,1,1,85.95,3110.1,2.3875,7,0,0,1,2,False,True,False,False,False,True,False,False,False,True,False,True,False,True,False,True,True,False,True,False,False,0.2750204,0,1,ContractRisk,Low (<30%)
0,0,0,0,12,0,0,60.65,743.3,4.665384615384616,5,0,0,0,2,True,False,False,False,False,False,False,True,False,True,False,True,False,True,False,True,True,False,False,True,False,0.3634515,0,0,ContractRisk,Medium (30-50%)
0,0,1,0,9,1,0,50.85,466.6,5.085,2,0,0,0,3,False,False,False,False,False,False,False,True,False,False,False,False,False,False,False,False,False,False,False,False,True,0.36216682,0,0,ContractRisk,Medium (30-50%)
0,0,1,1,72,1,0,24.45,1709.1,0.334931506849315,2,0,1,0,1,False,True,False,True,True,False,True,False,True,False,True,False,True,False,True,False,False,True,False,False,False,0.035095435,0,0,ContractRisk,Low (<30%)
1,1,1,0,18,1,1,59.1,1011.05,3.110526315789474,3,0,0,0,3,False,False,False,False,False,True,False,False,False,False,False,False,False,False,False,True,False,False,True,False,False,0.46025527,1,0,ContractRisk,Medium (30-50%)
0,0,1,0,58,1,1,109.1,6393.65,1.8491525423728807,7,0,1,1,1,False,True,True,False,False,True,False,True,False,False,False,True,False,True,False,True,False,True,True,False,False,0.33858988,0,0,ContractRisk,Medium (30-50%)
0,1,0,1,30,1,1,101.3,2974.5,3.267741935483871,5,0,0,1,3,False,True,True,False,False,False,False,False,False,False,False,True,False,True,False,True,False,False,False,True,False,0.7437907,1,0,ContractRisk,High (50-75%)
1,0,1,1,56,1,0,115.85,6567.9,2.032456140350877,8,0,1,1,1,False,True,True,False,False,True,False,True,False,True,False,True,False,True,False,True,False,True,False,False,True,0.16605142,0,0,ContractRisk,Low (<30%)
1,0,0,0,10,1,1,94.9,1048.85,8.627272727272727,4,0,0,0,3,False,False,True,False,False,False,False,False,False,True,False,False,False,True,False,True,False,False,False,True,False,0.84417236,1,1,ContractRisk,Critical (>75%)
0,0,1,0,2,0,1,35.1,68.75,11.7,1,1,0,0,3,True,False,False,False,False,False,False,False,False,False,False,False,False,False,False,True,False,False,False,True,False,0.8265983,1,1,ChargesPerTenureMonth,Critical (>75%)
0,0,1,1,18,1,1,24.65,471.35,1.2973684210526315,2,0,0,0,1,False,True,False,True,True,False,True,False,True,False,True,False,True,False,True,False,False,True,True,False,False,0.067106836,0,0,ContractRisk,Low (<30%)
0,0,1,1,51,0,1,56.15,2898.95,1.0798076923076922,4,0,1,0,2,True,False,False,False,False,False,False,False,False,True,False,True,False,True,False,True,True,False,False,True,False,0.28671014,0,0,ChargesPerTenureMonth,Low (<30%)
1,0,1,0,60,1,1,109.45,6572.85,1.794262295081967,7,0,1,1,3,False,True,True,False,False,True,False,False,False,True,False,True,False,True,False,True,False,False,False,False,False,0.41369566,0,0,ChargesPerTenureMonth,Medium (30-50%)
0,0,1,1,24,1,0,55.15,1319.85,2.206,3,0,0,0,3,False,False,False,False,False,True,False,False,False,False,False,True,False,False,False,False,False,False,False,True,False,0.35970628,0,0,ContractRisk,Medium (30-50%)
1,0,1,0,70,1,0,115.65,7968.85,1.62887323943662,8,0,1,1,2,False,True,True,False,False,True,False,True,False,True,False,True,False,True,False,True,True,False,True,False,False,0.38230234,0,1,ContractRisk,Medium (30-50%)
1,0,0,0,12,1,1,53.75,648.65,4.134615384615385,3,0,0,0,3,False,False,False,False,False,False,False,True,False,False,False,True,False,False,False,False,False,False,False,False,True,0.4104662,0,0,ContractRisk,Medium (30-50%)
1,0,1,1,25,1,1,61.6,1611.0,2.3692307692307693,4,0,0,0,2,False,False,False,False,False,True,False,True,False,True,False,False,False,False,False,False,True,False,False,False,False,0.19221476,0,0,ContractRisk,Low (<30%)
1,0,0,0,36,1,1,20.35,695.85,0.55,1,0,0,0,2,False,False,False,True,True,False,True,False,True,False,True,False,True,False,True,False,True,False,True,False,False,0.057855844,0,0,ChargesPerTenureMonth,Low (<30%)
1,0,1,1,11,1,0,90.6,1020.2,7.55,3,0,0,0,3,False,False,True,False,False,False,False,False,False,False,False,False,False,True,False,True,False,False,False,True,False,0.77072895,1,0,ContractRisk,Critical (>75%)
1,0,1,1,7,1,1,89.75,608.8,11.21875,4,0,0,0,3,False,False,True,False,False,False,False,True,False,False,False,True,False,True,False,False,False,False,False,True,False,0.83325243,1,1,ChargesPerTenureMonth,Critical (>75%)
0,1,1,0,26,1,1,98.1,2510.7,3.633333333333333,5,0,0,0,3,False,True,True,False,False,False,False,False,False,True,False,False,False,True,False,True,False,False,False,False,False,0.7596926,1,0,ContractRisk,Critical (>75%)
1,0,0,0,41,1,1,74.25,3089.1,1.7678571428571428,2,0,1,1,3,False,False,True,False,False,False,False,False,False,False,False,True,False,False,False,False,False,False,False,True,False,0.5603917,1,0,ContractRisk,High (50-75%)
0,1,0,0,57,0,1,55.0,3094.05,0.9482758620689656,4,0,1,0,3,True,False,False,False,False,False,False,True,False,True,False,False,False,True,False,True,False,False,False,True,False,0.551169,1,0,ChargesPerTenureMonth,High (50-75%)
0,0,1,1,28,1,1,90.1,2598.95,3.106896551724138,3,0,0,0,2,False,False,True,False,False,False,False,False,False,False,False,False,False,True,False,True,True,False,False,False,False,0.41519347,0,1,ContractRisk,Medium (30-50%)
0,0,0,0,10,1,0,64.9,685.55,5.9,4,0,0,0,2,False,False,False,False,False,False,False,True,False,False,False,True,False,False,False,True,True,False,False,False,True,0.27401102,0,0,ContractRisk,Low (<30%)
0,0,0,0,41,1,1,56.3,2364.0,1.3404761904761904,3,0,1,0,2,False,True,False,False,False,False,False,True,False,False,False,False,False,False,False,False,True,False,True,False,False,0.1832829,0,0,ContractRisk,Low (<30%)
0,0,0,0,22,1,1,89.05,1886.25,3.8717391304347823,4,0,0,0,3,False,False,True,False,False,True,False,False,False,False,False,True,False,False,False,True,False,False,False,True,False,0.6488224,1,0,ContractRisk,High (50-75%)
0,0,0,0,57,1,1,112.95,6465.0,1.9474137931034483,7,0,1,1,1,False,True,True,False,False,True,False,True,False,True,False,False,False,True,False,True,False,True,False,False,False,0.27560982,0,1,ContractRisk,Low (<30%)
1,0,0,0,13,1,0,19.45,270.2,1.3892857142857142,1,0,0,0,2,False,False,False,True,True,False,True,False,True,False,True,False,True,False,True,False,True,False,False,False,True,0.07925365,0,0,ContractRisk,Low (<30%)
0,0,1,1,61,1,1,100.7,6018.65,1.6241935483870968,6,0,1,1,2,False,True,True,False,False,True,False,True,False,True,False,False,False,False,False,True,True,False,True,False,False,0.26077056,0,0,ContractRisk,Low (<30%)
0,0,1,1,1,1,0,20.05,20.05,10.025,1,1,0,0,3,False,False,False,True,True,False,True,False,True,False,True,False,True,False,True,False,False,False,False,False,True,0.5876912,1,0,ChargesPerTenureMonth,High (50-75%)
0,0,1,1,18,1,0,19.35,309.25,1.0184210526315791,1,0,0,0,1,False,False,False,True,True,False,True,False,True,False,True,False,True,False,True,False,False,True,False,False,True,0.058880553,0,0,ContractRisk,Low (<30%)
1,0,0,0,6,1,1,87.95,522.35,12.564285714285717,4,1,0,0,3,False,True,True,False,False,False,False,False,False,False,False,True,False,False,False,True,False,False,False,False,False,0.8509397,1,0,ChargesPerTenureMonth,Critical (>75%)
0,0,0,0,7,1,1,59.5,415.95,7.4375,3,0,0,0,3,False,False,False,False,False,False,False,False,False,False,False,True,False,True,False,False,False,False,False,False,True,0.49343672,1,1,ContractRisk,Medium (30-50%)
0,0,1,1,9,1,1,55.3,501.2,5.529999999999999,3,0,0,0,3,False,True,False,False,False,False,False,True,False,False,False,False,False,False,False,False,False,False,False,False,True,0.43853077,0,0,ContractRisk,Medium (30-50%)
1,1,1,1,1,1,1,49.25,49.25,24.625,2,1,0,0,3,False,False,False,False,False,False,False,False,False,False,False,True,False,False,False,False,False,False,True,False,False,0.6976073,1,1,ChargesPerTenureMonth,High (50-75%)
1,0,0,0,9,1,1,80.8,713.1,8.08,2,0,0,0,3,False,False,True,False,False,False,False,False,False,False,False,False,False,False,False,True,False,False,False,True,False,0.81317914,1,1,ContractRisk,Critical (>75%)
0,0,1,0,49,1,0,20.45,900.9,0.409,1,0,1,0,2,False,False,False,True,True,False,True,False,True,False,True,False,True,False,True,False,True,False,False,False,False,0.065886274,0,0,ChargesPerTenureMonth,Low (<30%)
0,0,0,0,15,1,1,99.1,1426.4,6.19375,5,0,0,0,3,False,False,True,False,False,True,False,True,False,False,False,False,False,True,False,True,False,False,True,False,False,0.7049311,1,1,ContractRisk,High (50-75%)
0,0,1,1,30,1,0,19.55,608.5,0.6306451612903226,1,0,0,0,2,False,False,False,True,True,False,True,False,True,False,True,False,True,False,True,False,True,False,False,False,False,0.06637957,0,0,ContractRisk,Low (<30%)
0,1,1,0,70,1,1,75.65,5411.4,1.065492957746479,2,0,1,1,1,False,True,True,False,False,False,False,False,False,False,False,False,False,False,False,False,False,True,True,False,False,0.17436668,0,0,ContractRisk,Low (<30%)
1,0,0,0,25,1,1,105.5,2686.05,4.057692307692308,6,0,0,0,3,False,False,True,False,False,True,False,False,False,True,False,True,False,True,False,True,False,False,False,True,False,0.75319403,1,0,ContractRisk,Critical (>75%)
0,0,1,1,49,0,1,35.8,1782.0,0.716,2,0,1,0,2,True,False,False,False,False,True,False,False,False,False,False,True,False,False,False,False,True,False,True,False,False,0.11634046,0,0,ContractRisk,Low (<30%)
1,0,0,0,18,0,0,25.15,476.8,1.3236842105263158,0,0,0,0,3,True,False,False,False,False,False,False,False,False,False,False,False,False,False,False,False,False,False,False,False,True,0.36705843,0,0,ChargesPerTenureMonth,Medium (30-50%)
0,0,0,0,25,1,1,19.2,532.1,0.7384615384615384,1,0,0,0,3,False,False,False,True,True,False,True,False,True,False,True,False,True,False,True,False,False,False,True,False,False,0.17722018,0,0,ChargesPerTenureMonth,Low (<30%)
1,0,0,1,23,0,0,40.1,857.75,1.6708333333333334,3,0,0,0,1,True,False,False,False,False,True,False,False,False,True,False,True,False,False,False,False,False,True,False,False,True,0.054644816,0,0,ContractRisk,Low (<30%)
1,0,1,1,67,1,0,103.15,6895.5,1.5169117647058823,6,0,1,1,1,False,False,True,False,False,False,False,True,False,True,False,True,False,True,False,True,False,True,False,False,False,0.15245423,0,0,ContractRisk,Low (<30%)
1,0,1,1,35,1,0,20.5,759.35,0.5694444444444444,1,0,0,0,1,False,False,False,True,True,False,True,False,True,False,True,False,True,False,True,False,False,True,False,False,False,0.03849189,0,0,ContractRisk,Low (<30%)
1,0,0,0,1,1,1,45.85,45.85,22.925,1,1,0,0,3,False,False,False,False,False,False,False,False,False,False,False,False,False,False,False,False,False,False,False,False,True,0.7527552,1,1,ChargesPerTenureMonth,Critical (>75%)
1,0,1,0,72,1,0,114.45,8375.05,1.5678082191780822,8,0,1,1,1,False,True,True,False,False,True,False,True,False,True,False,True,False,True,False,True,False,True,True,False,False,0.07939012,0,0,ContractRisk,Low (<30%)
0,0,0,0,1,1,0,20.7,20.7,10.35,1,1,0,0,3,False,False,False,True,True,False,True,False,True,False,True,False,True,False,True,False,False,False,False,True,False,0.6351889,1,0,ChargesPerTenureMonth,High (50-75%)
1,1,1,1,60,1,1,80.95,4859.1,1.327049180327869,3,0,1,1,3,False,True,True,False,False,True,False,False,False,False,False,False,False,False,False,False,False,False,False,True,False,0.45803586,1,0,ChargesPerTenureMonth,Medium (30-50%)
0,0,0,0,7,1,1,59.1,369.25,7.3875,3,0,0,0,2,False,False,False,False,False,True,False,False,False,False,False,False,False,False,False,True,True,False,False,True,False,0.40437087,0,0,ContractRisk,Medium (30-50%)
1,0,0,0,64,1,0,19.55,1240.15,0.3007692307692308,1,0,1,0,1,False,False,False,True,True,False,True,False,True,False,True,False,True,False,True,False,False,True,False,False,True,0.046716932,0,0,ContractRisk,Low (<30%)
0,0,0,0,15,1,0,48.85,736.8,3.053125,2,0,0,0,3,False,False,False,False,False,False,False,True,False,False,False,False,False,False,False,False,False,False,False,True,False,0.43185797,0,0,ContractRisk,Medium (30-50%)
1,0,1,1,2,1,0,19.85,35.9,6.616666666666667,1,1,0,0,2,False,False,False,True,True,False,True,False,True,False,True,False,True,False,True,False,True,False,False,False,True,0.11086998,0,1,ContractRisk,Low (<30%)
0,0,0,0,13,1,1,78.75,995.35,5.625,6,0,0,0,3,False,True,False,False,False,True,False,False,False,True,False,False,False,True,False,True,False,False,False,True,False,0.59723437,1,0,ContractRisk,High (50-75%)
1,0,0,0,26,1,1,98.35,2515.3,3.642592592592592,5,0,0,0,3,False,True,True,False,False,False,False,False,False,True,False,False,False,True,False,True,False,False,False,True,False,0.8147965,1,1,ContractRisk,Critical (>75%)
0,0,1,0,52,0,0,35.45,1958.95,0.6688679245283019,2,0,1,0,2,True,False,False,False,False,True,False,False,False,True,False,False,False,False,False,False,True,False,False,False,True,0.12660521,0,0,ContractRisk,Low (<30%)
1,0,0,0,1,1,1,20.2,20.2,10.1,1,1,0,0,3,False,False,False,True,True,False,True,False,True,False,True,False,True,False,True,False,False,False,False,False,False,0.66544175,1,1,ChargesPerTenureMonth,High (50-75%)
0,1,0,0,15,1,0,89.85,1424.95,5.615625,4,0,0,0,3,False,True,True,False,False,False,False,True,False,False,False,False,False,False,False,True,False,False,False,True,False,0.71834564,1,1,ContractRisk,High (50-75%)
0,0,0,0,2,1,0,74.9,147.15,24.96666666666667,2,1,0,0,3,False,True,True,False,False,False,False,False,False,False,False,False,False,False,False,False,False,False,True,False,False,0.80103374,1,1,ChargesPerTenureMonth,Critical (>75%)
0,0,1,1,31,1,1,91.15,2995.45,2.8484375,4,0,0,1,3,False,True,True,False,False,False,False,True,False,False,False,False,False,False,False,True,False,False,False,True,False,0.7027841,1,1,ContractRisk,High (50-75%)
1,0,0,0,26,1,0,75.5,2018.1,2.7962962962962963,2,0,0,0,2,False,False,True,False,False,False,False,True,False,False,False,False,False,False,False,False,True,False,False,False,False,0.18712959,0,0,ContractRisk,Low (<30%)
0,0,0,0,10,0,0,29.75,301.9,2.7045454545454546,1,0,0,0,3,True,False,False,False,False,True,False,False,False,False,False,False,False,False,False,False,False,False,False,False,True,0.37133443,0,0,ContractRisk,Medium (30-50%)
1,0,0,0,1,1,0,20.05,20.05,10.025,1,1,0,0,3,False,False,False,True,True,False,True,False,True,False,True,False,True,False,True,False,False,False,False,False,True,0.5854996,1,0,ChargesPerTenureMonth,High (50-75%)
0,1,0,0,2,1,1,79.6,195.05,26.53333333333333,2,1,0,0,3,False,False,True,False,False,False,False,False,False,False,False,False,False,False,False,True,False,False,False,True,False,0.86453635,1,1,ChargesPerTenureMonth,Critical (>75%)
1,0,0,0,2,1,0,19.3,28.3,6.433333333333334,1,1,0,0,2,False,False,False,True,True,False,True,False,True,False,True,False,True,False,True,False,True,False,True,False,False,0.1037449,0,1,ContractRisk,Low (<30%)
0,0,1,0,13,0,1,48.75,633.4,3.482142857142857,3,0,0,0,3,True,False,False,False,False,False,False,False,False,True,False,False,False,True,False,True,False,False,False,False,False,0.5908102,1,1,ContractRisk,High (50-75%)
1,0,1,1,33,1,0,74.75,2453.3,2.198529411764706,5,0,0,1,2,False,False,False,False,False,True,False,False,False,True,False,False,False,True,False,True,True,False,True,False,False,0.23145156,0,0,ContractRisk,Low (<30%)
0,1,0,0,46,1,1,91.3,4126.35,1.9425531914893617,4,0,1,1,2,False,False,True,False,False,False,False,True,False,True,False,False,False,True,False,False,True,False,False,False,False,0.28838423,0,0,ContractRisk,Low (<30%)
0,0,0,0,13,0,0,49.15,649.4,3.5107142857142857,3,0,0,0,3,True,False,False,False,False,False,False,False,False,True,False,False,False,True,False,True,False,False,False,True,False,0.6138,1,0,ContractRisk,High (50-75%)
0,1,0,0,37,1,1,106.75,4056.75,2.8092105263157894,6,0,1,1,3,False,True,True,False,False,True,False,True,False,False,False,False,False,True,False,True,False,False,False,False,False,0.65556514,1,1,ContractRisk,High (50-75%)
0,0,1,1,61,1,0,19.1,1143.8,0.3080645161290323,1,0,1,0,2,False,False,False,True,True,False,True,False,True,False,True,False,True,False,True,False,True,False,True,False,False,0.07386855,0,0,ContractRisk,Low (<30%)
1,0,0,0,1,1,0,20.8,20.8,10.4,1,1,0,0,3,False,False,False,True,True,False,True,False,True,False,True,False,True,False,True,False,False,False,False,False,True,0.59676623,1,0,ChargesPerTenureMonth,High (50-75%)
0,0,1,1,9,1,1,75.85,647.5,7.584999999999999,2,0,0,0,3,False,False,True,False,False,False,False,False,False,False,False,True,False,False,False,False,False,False,False,True,False,0.7797296,1,0,ContractRisk,Critical (>75%)
1,0,0,0,3,1,1,69.6,207.4,17.4,1,1,0,0,3,False,False,True,False,False,False,False,False,False,False,False,False,False,False,False,False,False,False,False,False,True,0.8101572,1,0,ChargesPerTenureMonth,Critical (>75%)
1,0,1,0,69,1,0,19.9,1363.45,0.2842857142857142,1,0,1,0,1,False,False,False,True,True,False,True,False,True,False,True,False,True,False,True,False,False,True,False,False,True,0.03451823,0,0,ContractRisk,Low (<30%)
0,0,1,1,62,1,0,20.3,1296.15,0.3222222222222222,1,0,1,0,1,False,False,False,True,True,False,True,False,True,False,True,False,True,False,True,False,False,True,False,False,False,0.03842939,0,0,ContractRisk,Low (<30%)
1,0,0,0,20,1,1,19.7,419.4,0.938095238095238,1,0,0,0,1,False,False,False,True,True,False,True,False,True,False,True,False,True,False,True,False,False,True,False,False,True,0.053125422,0,0,ContractRisk,Low (<30%)
1,0,0,0,61,1,0,104.0,6363.45,1.6774193548387095,6,0,1,1,2,False,True,True,False,False,True,False,False,False,True,False,False,False,True,False,True,True,False,False,True,False,0.45621443,1,0,ContractRisk,Medium (30-50%)
0,0,0,0,4,1,0,23.9,97.5,4.779999999999999,2,1,0,0,2,False,True,False,True,True,False,True,False,True,False,True,False,True,False,True,False,True,False,False,True,False,0.20419587,0,0,ContractRisk,Low (<30%)
1,0,1,0,63,1,0,102.6,6296.75,1.603125,5,0,1,1,1,False,True,True,False,False,False,False,False,False,True,False,False,False,True,False,True,False,True,False,True,False,0.25259775,0,0,ContractRisk,Low (<30%)
1,0,0,0,50,0,1,35.0,1782.4,0.6862745098039216,2,0,1,0,3,True,False,False,False,False,True,False,True,False,False,False,False,False,False,False,False,False,False,False,False,True,0.31004107,0,0,ChargesPerTenureMonth,Medium (30-50%)
1,0,0,0,1,1,0,80.5,80.5,40.25,2,1,0,0,3,False,False,True,False,False,False,False,False,False,False,False,False,False,False,False,True,False,False,False,True,False,0.8933351,1,1,ChargesPerTenureMonth,Critical (>75%)
0,0,1,1,70,1,0,74.1,5222.3,1.043661971830986,6,0,1,1,2,False,False,False,False,False,True,False,True,False,True,False,True,False,False,False,True,True,False,True,False,False,0.2021964,0,0,ContractRisk,Low (<30%)
0,0,1,1,72,1,1,76.8,5468.45,1.0520547945205478,5,0,1,1,1,False,True,False,False,False,False,False,False,False,True,False,False,False,True,False,True,False,True,False,False,False,0.09448602,0,0,ContractRisk,Low (<30%)
0,0,0,0,35,1,0,60.55,1982.6,1.6819444444444445,4,0,0,0,3,False,False,False,False,False,True,False,True,False,True,False,False,False,False,False,False,False,False,False,True,False,0.3181909,0,0,ContractRisk,Medium (30-50%)
1,0,0,0,12,1,1,67.25,832.3,5.173076923076923,5,0,0,0,3,False,True,False,False,False,True,False,True,False,False,False,True,False,False,False,False,False,False,False,True,False,0.50121796,1,0,ContractRisk,High (50-75%)
0,0,1,0,56,1,0,109.8,6109.65,1.926315789473684,7,0,1,1,2,False,True,True,False,False,True,False,True,False,True,False,False,False,True,False,True,True,False,False,False,False,0.41428444,0,0,ContractRisk,Medium (30-50%)
1,0,0,1,12,1,1,73.75,871.4,5.673076923076923,2,0,0,0,3,False,True,True,False,False,False,False,False,False,False,False,False,False,False,False,False,False,False,True,False,False,0.6607298,1,1,ContractRisk,High (50-75%)
0,0,0,0,36,1,0,55.8,1941.5,1.508108108108108,3,0,0,0,2,False,True,False,False,False,False,False,False,False,True,False,False,False,False,False,False,True,False,False,True,False,0.20756759,0,0,ContractRisk,Low (<30%)
0,0,1,0,40,1,0,105.75,4228.55,2.5792682926829267,6,0,1,1,2,False,True,True,False,False,True,False,False,False,True,False,False,False,True,False,True,True,False,False,False,False,0.38633615,0,0,ContractRisk,Medium (30-50%)
0,0,0,0,3,1,1,19.6,59.75,4.9,1,1,0,0,3,False,False,False,True,True,False,True,False,True,False,True,False,True,False,True,False,False,False,False,False,True,0.36503166,0,1,ContractRisk,Medium (30-50%)
0,1,0,0,40,1,1,103.75,4188.4,2.5304878048780486,6,0,1,1,2,False,True,True,False,False,False,False,False,False,True,False,True,False,True,False,True,True,False,True,False,False,0.5447245,1,0,ContractRisk,High (50-75%)
1,0,1,0,67,1,0,70.9,4677.1,1.0426470588235297,6,0,1,1,1,False,True,False,False,False,True,False,True,False,True,False,True,False,False,False,False,False,True,True,False,False,0.07911046,0,0,ContractRisk,Low (<30%)
0,0,0,0,67,1,1,72.35,4991.5,1.063970588235294,5,0,1,1,2,False,False,False,False,False,True,False,False,False,True,False,True,False,False,False,True,True,False,False,False,False,0.18941766,0,0,ChargesPerTenureMonth,Low (<30%)
0,0,0,0,7,1,1,66.85,458.1,8.35625,3,0,0,0,3,False,False,False,False,False,False,False,False,False,False,False,False,False,True,False,True,False,False,False,True,False,0.6863885,1,0,ContractRisk,High (50-75%)
1,0,0,0,3,1,0,90.4,268.45,22.6,4,1,0,0,3,False,False,True,False,False,False,False,True,False,True,False,False,False,False,False,True,False,False,False,True,False,0.79027516,1,0,ChargesPerTenureMonth,Critical (>75%)
1,0,0,0,42,1,1,100.3,4222.95,2.332558139534884,5,0,1,1,3,False,True,True,False,False,False,False,False,False,False,False,True,False,True,False,True,False,False,False,True,False,0.7469031,1,0,ContractRisk,High (50-75%)
0,0,1,1,40,1,1,26.2,1077.5,0.6390243902439025,2,0,1,0,3,False,True,False,True,True,False,True,False,True,False,True,False,True,False,True,False,False,False,False,True,False,0.24510238,0,0,ChargesPerTenureMonth,Low (<30%)
0,1,1,0,53,1,1,94.0,4871.45,1.7407407407407407,5,0,1,1,2,False,False,True,False,False,False,False,True,False,True,False,True,False,True,False,False,True,False,False,True,False,0.4183496,0,0,ContractRisk,Medium (30-50%)
0,0,0,0,3,1,0,19.55,61.05,4.8875,1,1,0,0,3,False,False,False,True,True,False,True,False,True,False,True,False,True,False,True,False,False,False,False,True,False,0.3887869,0,0,ContractRisk,Medium (30-50%)
0,1,0,0,9,1,1,90.1,816.8,9.01,4,0,0,0,3,False,True,True,False,False,False,False,False,False,True,False,False,False,True,False,False,False,False,False,True,False,0.8792418,1,0,ContractRisk,Critical (>75%)
0,0,1,1,72,1,1,20.1,1326.25,0.2753424657534247,1,0,1,0,1,False,False,False,True,True,False,True,False,True,False,True,False,True,False,True,False,False,True,True,False,False,0.0332492,0,0,ContractRisk,Low (<30%)
1,1,0,0,46,1,0,85.0,3969.4,1.8085106382978724,3,0,1,1,3,False,False,True,False,False,True,False,False,False,False,False,False,False,False,False,True,False,False,False,True,False,0.6026622,1,1,ContractRisk,High (50-75%)
0,0,1,1,61,1,1,24.1,1551.6,0.3887096774193548,2,0,1,0,1,False,True,False,True,True,False,True,False,True,False,True,False,True,False,True,False,False,True,False,False,True,0.047780782,0,0,ContractRisk,Low (<30%)
0,0,1,1,54,1,0,69.95,3871.85,1.271818181818182,5,0,1,0,1,False,False,False,False,False,True,False,False,False,True,False,True,False,False,False,True,False,True,False,False,False,0.060419343,0,0,ContractRisk,Low (<30%)
1,0,0,0,11,0,1,41.6,470.6,3.466666666666667,2,0,0,0,2,True,False,False,False,False,False,False,False,False,True,False,False,False,True,False,False,True,False,False,True,False,0.4591477,1,1,ContractRisk,Medium (30-50%)
0,0,1,0,29,1,1,19.55,521.8,0.6516666666666667,1,0,0,0,1,False,False,False,True,True,False,True,False,True,False,True,False,True,False,True,False,False,True,False,False,True,0.047793444,0,0,ContractRisk,Low (<30%)
1,0,1,1,67,1,1,111.3,7482.1,1.636764705882353,7,0,1,1,2,False,True,True,False,False,True,False,True,False,True,False,False,False,True,False,True,True,False,False,True,False,0.3519088,0,1,ContractRisk,Medium (30-50%)
1,0,1,1,49,1,1,97.95,4917.9,1.959,5,0,1,1,2,False,True,True,False,False,False,False,False,False,False,False,True,False,True,False,True,True,False,False,True,False,0.46628693,1,0,ContractRisk,Medium (30-50%)
1,0,1,0,72,1,1,100.55,7325.1,1.3773972602739726,6,0,1,1,1,False,True,True,False,False,True,False,True,False,False,False,True,False,False,False,True,False,True,False,False,False,0.082113184,0,0,ContractRisk,Low (<30%)
0,0,1,1,71,1,0,87.25,6328.7,1.2118055555555556,7,0,1,1,1,False,False,False,False,False,True,False,True,False,True,False,True,False,True,False,True,False,True,True,False,False,0.05411838,0,0,ContractRisk,Low (<30%)
0,1,0,0,44,1,0,74.85,3268.05,1.663333333333333,5,0,1,1,2,False,False,False,False,False,False,False,False,False,True,False,True,False,True,False,True,True,False,False,False,False,0.28893408,0,0,ContractRisk,Low (<30%)
1,0,1,1,41,1,1,60.3,2511.3,1.4357142857142855,4,0,1,0,2,False,False,False,False,False,True,False,True,False,True,False,False,False,False,False,False,True,False,False,False,False,0.14863189,0,0,ContractRisk,Low (<30%)
0,0,0,0,11,1,1,58.95,601.6,4.9125000000000005,3,0,0,0,3,False,True,False,False,False,False,False,False,False,False,False,False,False,False,False,True,False,False,False,False,True,0.45142952,1,0,InternetService_Fiber optic,Medium (30-50%)
0,0,0,0,13,1,1,19.3,279.3,1.3785714285714286,1,0,0,0,3,False,False,False,True,True,False,True,False,True,False,True,False,True,False,True,False,False,False,False,False,True,0.21501762,0,0,ChargesPerTenureMonth,Low (<30%)
0,1,1,0,55,1,0,88.8,4805.3,1.5857142857142856,4,0,1,1,1,False,False,True,False,False,False,False,False,False,True,False,True,False,True,False,False,False,True,True,False,False,0.12176913,0,0,ContractRisk,Low (<30%)
0,0,0,0,11,1,0,48.55,501.0,4.045833333333333,2,0,0,0,3,False,False,False,False,False,True,False,False,False,False,False,False,False,False,False,False,False,False,True,False,False,0.32063842,0,1,ContractRisk,Medium (30-50%)
0,0,0,1,48,0,0,45.55,2108.35,0.9295918367346938,3,0,1,0,3,True,False,False,False,False,False,False,True,False,True,False,False,False,False,False,True,False,False,True,False,False,0.35243106,0,0,ChargesPerTenureMonth,Medium (30-50%)
1,0,0,0,31,1,0,81.7,2548.65,2.553125,3,0,0,1,2,False,True,True,False,False,False,False,False,False,False,False,True,False,False,False,False,True,False,True,False,False,0.18198095,0,0,ContractRisk,Low (<30%)
1,0,0,0,63,1,0,109.2,7049.75,1.70625,7,0,1,1,1,False,False,True,False,False,True,False,True,False,True,False,True,False,True,False,True,False,True,True,False,False,0.26544854,0,0,ContractRisk,Low (<30%)
0,1,1,1,61,1,1,65.2,3965.05,1.0516129032258066,4,0,1,0,2,False,True,False,False,False,False,False,False,False,True,False,False,False,True,False,False,True,False,False,True,False,0.23384616,0,0,ContractRisk,Low (<30%)
0,0,1,1,72,1,0,24.25,1784.5,0.3321917808219178,2,0,1,0,1,False,True,False,True,True,False,True,False,True,False,True,False,True,False,True,False,False,True,True,False,False,0.030857068,0,0,ContractRisk,Low (<30%)
0,0,1,1,53,1,1,108.25,5935.1,2.0046296296296298,6,0,1,1,3,False,False,True,False,False,False,False,True,False,True,False,True,False,True,False,True,False,False,False,False,False,0.526206,1,0,ContractRisk,High (50-75%)
0,1,0,0,7,1,1,48.2,340.35,6.025,2,0,0,0,3,False,False,False,False,False,True,False,False,False,False,False,False,False,False,False,False,False,False,False,True,False,0.5941514,1,0,ContractRisk,High (50-75%)
0,0,1,1,28,1,1,81.05,2227.1,2.7948275862068965,2,0,0,0,3,False,False,True,False,False,False,False,False,False,False,False,False,False,False,False,True,False,False,False,True,False,0.7076341,1,1,ContractRisk,High (50-75%)
0,0,0,0,16,1,0,72.65,1194.3,4.273529411764706,2,0,0,0,3,False,True,True,False,False,False,False,False,False,False,False,False,False,False,False,False,False,False,False,True,False,0.66667104,1,1,ContractRisk,High (50-75%)
0,0,0,1,7,1,1,71.05,472.65,8.88125,1,0,0,0,3,False,False,True,False,False,False,False,False,False,False,False,False,False,False,False,False,False,False,False,True,False,0.7998932,1,0,ContractRisk,Critical (>75%)
0,0,0,0,5,1,1,64.0,370.25,10.666666666666666,4,1,0,0,3,False,True,False,False,False,False,False,True,False,False,False,False,False,False,False,True,False,False,False,True,False,0.71868825,1,0,ChargesPerTenureMonth,High (50-75%)
0,0,1,1,71,1,0,23.9,1663.5,0.3319444444444444,2,0,1,0,1,False,True,False,True,True,False,True,False,True,False,True,False,True,False,True,False,False,True,True,False,False,0.034520283,0,0,ContractRisk,Low (<30%)
1,0,1,1,7,0,1,34.5,279.25,4.3125,2,0,0,0,3,True,False,False,False,False,True,False,False,False,False,False,True,False,False,False,False,False,False,False,True,False,0.6044911,1,1,ContractRisk,High (50-75%)
1,1,0,0,11,1,1,111.4,1183.05,9.283333333333331,7,0,0,0,3,False,True,True,False,False,False,False,True,False,True,False,True,False,True,False,True,False,False,False,True,False,0.8572682,1,0,ChargesPerTenureMonth,Critical (>75%)
1,0,0,0,52,0,0,63.9,3334.95,1.2056603773584906,6,0,1,0,1,True,False,False,False,False,True,False,True,False,True,False,True,False,True,False,True,False,True,True,False,False,0.065590054,0,0,ContractRisk,Low (<30%)
0,0,0,0,49,1,0,67.4,3306.85,1.348,5,0,1,0,1,False,False,False,False,False,True,False,True,False,True,False,True,False,False,False,False,False,True,False,False,False,0.05266299,0,0,ContractRisk,Low (<30%)
1,0,0,0,19,1,0,18.8,279.2,0.94,1,0,0,0,2,False,False,False,True,True,False,True,False,True,False,True,False,True,False,True,False,True,False,False,False,True,0.057549838,0,0,ContractRisk,Low (<30%)
1,0,0,0,2,1,1,80.95,171.15,26.98333333333333,2,1,0,0,3,False,False,True,False,False,False,False,False,False,False,False,False,False,False,False,True,False,False,False,True,False,0.8652192,1,1,ChargesPerTenureMonth,Critical (>75%)
1,0,1,0,52,1,1,95.65,5088.4,1.804716981132076,5,0,1,1,3,False,True,True,False,False,False,False,True,False,False,False,True,False,False,False,True,False,False,True,False,False,0.45737126,1,0,ChargesPerTenureMonth,Medium (30-50%)
1,0,1,0,23,1,0,84.25,1968.1,3.5104166666666665,4,0,0,0,3,False,True,True,False,False,False,False,True,False,True,False,False,False,False,False,False,False,False,False,True,False,0.6275436,1,0,ContractRisk,High (50-75%)
1,1,0,0,8,1,1,69.7,572.85,7.7444444444444445,1,0,0,0,3,False,False,True,False,False,False,False,False,False,False,False,False,False,False,False,False,False,False,False,True,False,0.80413187,1,0,ContractRisk,Critical (>75%)
0,1,1,1,65,1,1,103.9,6767.1,1.5742424242424242,6,0,1,1,2,False,True,True,False,False,False,False,False,False,True,False,True,False,True,False,True,True,False,False,False,False,0.3563536,0,0,ContractRisk,Medium (30-50%)
1,0,0,1,2,1,1,55.3,108.65,18.433333333333334,2,1,0,0,3,False,False,False,False,False,False,False,False,False,False,False,False,False,False,False,True,False,False,False,True,False,0.7730428,1,0,ChargesPerTenureMonth,Critical (>75%)
0,0,1,0,62,1,0,23.65,1416.75,0.3753968253968254,2,0,1,0,1,False,True,False,True,True,False,True,False,True,False,True,False,True,False,True,False,False,True,False,False,False,0.03868158,0,0,ContractRisk,Low (<30%)
1,0,0,0,3,1,1,89.85,244.45,22.4625,4,1,0,0,3,False,False,True,False,False,False,False,False,False,True,False,True,False,True,False,False,False,False,False,False,True,0.826508,1,0,ChargesPerTenureMonth,Critical (>75%)
1,0,1,1,49,1,1,93.65,4520.15,1.873,5,0,1,1,2,False,True,True,False,False,False,False,True,False,True,False,False,False,True,False,False,True,False,False,True,False,0.41172844,0,0,ContractRisk,Medium (30-50%)
0,0,0,1,15,1,0,69.0,994.8,4.3125,1,0,0,0,3,False,False,True,False,False,False,False,False,False,False,False,False,False,False,False,False,False,False,False,False,False,0.5487983,1,1,ContractRisk,High (50-75%)
0,0,0,1,41,1,1,20.25,865.0,0.4821428571428571,1,0,1,0,2,False,False,False,True,True,False,True,False,True,False,True,False,True,False,True,False,True,False,True,False,False,0.05384928,0,0,ChargesPerTenureMonth,Low (<30%)
0,1,0,0,46,1,1,104.45,4863.85,2.222340425531915,6,0,1,1,3,False,True,True,False,False,False,False,True,False,True,False,False,False,True,False,True,False,False,False,True,False,0.7572977,1,0,ContractRisk,Critical (>75%)
1,0,0,0,56,1,1,25.95,1444.05,0.4552631578947368,2,0,1,0,1,False,True,False,True,True,False,True,False,True,False,True,False,True,False,True,False,False,True,False,False,False,0.057990655,0,0,ContractRisk,Low (<30%)
1,0,0,0,48,1,1,95.4,4445.3,1.946938775510204,5,0,1,1,3,False,True,True,False,False,True,False,False,False,False,False,True,False,False,False,True,False,False,False,True,False,0.4841633,1,0,ContractRisk,Medium (30-50%)
1,0,0,0,2,1,0,70.7,129.2,23.566666666666663,1,1,0,0,3,False,False,True,False,False,False,False,False,False,False,False,False,False,False,False,False,False,False,False,False,True,0.7694751,1,0,ChargesPerTenureMonth,Critical (>75%)
0,0,1,1,72,1,0,23.75,1679.25,0.3253424657534247,2,0,1,0,1,False,True,False,True,True,False,True,False,True,False,True,False,True,False,True,False,False,True,False,False,False,0.029218314,0,0,ContractRisk,Low (<30%)
1,0,1,0,45,1,0,78.8,3597.5,1.7130434782608694,6,0,1,1,2,False,False,False,False,False,True,False,True,False,True,False,False,False,True,False,True,True,False,False,False,False,0.2594312,0,0,ContractRisk,Low (<30%)
1,0,1,1,37,1,1,62.8,2278.75,1.6526315789473685,5,0,1,0,1,False,True,False,False,False,True,False,False,False,True,False,True,False,False,False,False,False,True,True,False,False,0.054026615,0,0,ContractRisk,Low (<30%)
0,0,0,0,61,1,0,89.2,5500.6,1.4387096774193548,4,0,1,1,3,False,True,True,False,False,False,False,False,False,True,False,False,False,False,False,True,False,False,False,False,True,0.38188222,0,0,ChargesPerTenureMonth,Medium (30-50%)
0,0,0,0,60,1,0,20.6,1093.0,0.3377049180327869,1,0,1,0,1,False,False,False,True,True,False,True,False,True,False,True,False,True,False,True,False,False,True,False,False,True,0.05525738,0,0,ContractRisk,Low (<30%)
0,1,1,0,2,1,0,50.15,115.1,16.716666666666665,2,1,0,0,3,False,False,False,False,False,False,False,True,False,False,False,False,False,False,False,False,False,False,True,False,False,0.686013,1,1,ChargesPerTenureMonth,High (50-75%)
0,0,1,1,63,1,0,75.55,4707.85,1.18046875,6,0,1,1,1,False,False,False,False,False,True,False,True,False,True,False,True,False,True,False,False,False,True,True,False,False,0.07076608,0,0,ContractRisk,Low (<30%)
0,1,0,0,4,1,1,84.6,360.1,16.919999999999998,3,1,0,0,3,False,True,True,False,False,False,False,False,False,False,False,False,False,False,False,True,False,False,False,True,False,0.8892888,1,1,ChargesPerTenureMonth,Critical (>75%)
1,0,0,0,62,1,0,102.0,6529.25,1.619047619047619,6,0,1,1,2,False,True,True,False,False,True,False,True,False,False,False,True,False,False,False,True,True,False,False,True,False,0.27755314,0,1,ContractRisk,Low (<30%)
0,0,0,0,62,1,1,92.05,5755.8,1.461111111111111,5,0,1,1,2,False,True,True,False,False,True,False,True,False,True,False,False,False,False,False,False,True,False,False,True,False,0.2689586,0,0,ContractRisk,Low (<30%)
1,0,0,0,69,1,1,97.65,6743.55,1.395,6,0,1,1,1,False,True,True,False,False,False,False,True,False,True,False,True,False,True,False,False,False,True,True,False,False,0.12949857,0,0,ContractRisk,Low (<30%)
0,0,0,0,4,1,1,105.65,443.9,21.130000000000003,6,1,0,0,2,False,False,True,False,False,False,False,True,False,True,False,True,False,True,False,True,True,False,False,True,False,0.66527593,1,1,ContractRisk,High (50-75%)
0,0,1,0,49,0,1,56.3,2780.6,1.126,4,0,1,0,2,True,False,False,False,False,False,False,True,False,False,False,True,False,True,False,True,True,False,True,False,False,0.22122514,0,0,ChargesPerTenureMonth,Low (<30%)
1,0,0,0,51,1,1,81.15,4126.2,1.560576923076923,7,0,1,1,2,False,True,False,False,False,True,False,True,False,True,False,True,False,True,False,False,True,False,True,False,False,0.14469633,0,0,ContractRisk,Low (<30%)
1,0,0,0,26,0,1,44.65,1156.55,1.6537037037037037,3,0,0,0,3,True,False,False,False,False,True,False,True,False,False,False,False,False,False,False,True,False,False,False,False,False,0.44343448,0,0,ContractRisk,Medium (30-50%)
0,0,0,0,9,1,1,43.75,405.7,4.375,1,0,0,0,3,False,False,False,False,False,False,False,False,False,False,False,False,False,False,False,False,False,False,False,True,False,0.6021246,1,0,ContractRisk,High (50-75%)
0,0,0,0,57,1,0,94.7,5468.95,1.6327586206896552,5,0,1,1,2,False,True,True,False,False,False,False,True,False,False,False,True,False,False,False,True,True,False,False,True,False,0.2329454,0,0,ChargesPerTenureMonth,Low (<30%)
0,0,1,0,37,1,0,19.5,805.2,0.5131578947368421,1,0,1,0,3,False,False,False,True,True,False,True,False,True,False,True,False,True,False,True,False,False,False,False,False,False,0.1614957,0,0,ChargesPerTenureMonth,Low (<30%)
1,0,0,0,30,1,1,97.0,3021.3,3.129032258064516,4,0,0,1,2,False,False,True,False,False,False,False,True,False,False,False,False,False,True,False,True,True,False,False,False,False,0.48106167,1,0,ContractRisk,Medium (30-50%)
0,1,1,1,70,1,1,107.9,7475.85,1.519718309859155,7,0,1,1,2,False,True,True,False,False,False,False,True,False,True,False,True,False,True,False,True,True,False,False,True,False,0.40371615,0,0,ChargesPerTenureMonth,Medium (30-50%)
1,0,0,1,22,1,1,89.4,2001.5,3.88695652173913,4,0,0,0,3,False,False,True,False,False,False,False,True,False,True,False,False,False,True,False,False,False,False,False,True,False,0.7292997,1,1,ContractRisk,High (50-75%)
1,0,0,0,39,0,1,48.95,1880.85,1.22375,4,0,1,0,3,True,False,False,False,False,True,False,True,False,False,False,True,False,True,False,False,False,False,True,False,False,0.30472693,0,1,ChargesPerTenureMonth,Medium (30-50%)
0,1,1,0,33,1,1,80.6,2656.5,2.3705882352941177,3,0,0,1,3,False,True,True,False,False,False,False,True,False,False,False,False,False,False,False,False,False,False,False,False,False,0.6247668,1,1,ContractRisk,High (50-75%)
1,0,0,0,60,1,1,116.6,7049.5,1.9114754098360656,8,0,1,1,2,False,True,True,False,False,True,False,True,False,True,False,True,False,True,False,True,True,False,True,False,False,0.4040022,0,0,ContractRisk,Medium (30-50%)
0,0,1,1,1,1,0,19.45,19.45,9.725,1,1,0,0,3,False,False,False,True,True,False,True,False,True,False,True,False,True,False,True,False,False,False,False,True,False,0.59291655,1,0,ContractRisk,High (50-75%)
0,0,1,1,12,1,1,58.35,740.55,4.4884615384615385,3,0,0,0,3,False,False,False,False,False,False,False,False,False,True,False,False,False,True,False,False,False,False,True,False,False,0.4373001,0,0,ContractRisk,Medium (30-50%)
0,0,1,1,51,1,0,19.95,1028.75,0.3836538461538461,1,0,1,0,1,False,False,False,True,True,False,True,False,True,False,True,False,True,False,True,False,False,True,False,False,True,0.04389844,0,0,ContractRisk,Low (<30%)
0,0,1,1,22,1,1,80.15,1790.65,3.4847826086956526,2,0,0,0,3,False,False,True,False,False,False,False,False,False,False,False,False,False,False,False,True,False,False,False,True,False,0.7329232,1,0,ContractRisk,High (50-75%)
1,0,1,1,1,1,0,18.8,18.8,9.4,1,1,0,0,2,False,False,False,True,True,False,True,False,True,False,True,False,True,False,True,False,True,False,False,False,True,0.1256229,0,0,ContractRisk,Low (<30%)
1,0,1,1,39,1,0,100.0,3835.55,2.5,5,0,1,1,2,False,True,True,False,False,False,False,False,False,True,False,False,False,True,False,True,True,False,False,True,False,0.41539377,0,0,ContractRisk,Medium (30-50%)
0,0,0,0,4,1,1,93.5,362.2,18.7,5,1,0,0,3,False,True,True,False,False,False,False,True,False,False,False,True,False,False,False,True,False,False,False,True,False,0.87156886,1,1,ChargesPerTenureMonth,Critical (>75%)
0,0,0,0,39,1,1,80.45,3201.55,2.01125,3,0,1,1,1,False,False,True,False,False,False,False,False,False,True,False,True,False,False,False,False,False,True,False,True,False,0.17975527,0,1,ContractRisk,Low (<30%)
1,1,1,0,69,1,1,84.9,5785.65,1.2128571428571429,4,0,1,1,3,False,True,True,False,False,True,False,True,False,False,False,False,False,False,False,False,False,False,True,False,False,0.40400353,0,0,ChargesPerTenureMonth,Medium (30-50%)
1,1,1,0,8,1,1,64.4,581.7,7.155555555555556,4,0,0,0,3,False,False,False,False,False,False,False,False,False,True,False,True,False,False,False,True,False,False,True,False,False,0.46822277,1,0,ContractRisk,Medium (30-50%)
1,0,1,0,68,1,0,25.05,1629.2,0.3630434782608696,2,0,1,0,1,False,True,False,True,True,False,True,False,True,False,True,False,True,False,True,False,False,True,True,False,False,0.044665862,0,0,ContractRisk,Low (<30%)
0,1,0,0,2,1,0,70.75,154.85,23.58333333333333,1,1,0,0,3,False,False,True,False,False,False,False,False,False,False,False,False,False,False,False,False,False,False,False,True,False,0.7960211,1,1,ContractRisk,Critical (>75%)
1,1,1,0,24,0,0,39.1,971.3,1.564,2,0,0,0,3,True,False,False,False,False,True,False,False,False,False,False,False,False,False,False,True,False,False,False,False,False,0.4791254,1,1,ContractRisk,Medium (30-50%)
0,0,1,0,42,1,1,50.25,2203.65,1.1686046511627908,2,0,1,0,3,False,True,False,False,False,False,False,False,False,False,False,False,False,False,False,False,False,False,False,True,False,0.40847096,0,1,ChargesPerTenureMonth,Medium (30-50%)
0,0,1,0,59,1,1,80.1,4693.2,1.335,6,0,1,1,2,False,True,False,False,False,False,False,True,False,False,False,True,False,True,False,True,True,False,False,True,False,0.21634166,0,0,ChargesPerTenureMonth,Low (<30%)
1,0,1,1,1,1,0,80.0,80.0,40.0,2,1,0,0,3,False,False,True,False,False,False,False,False,False,False,False,False,False,False,False,True,False,False,False,True,False,0.8926714,1,1,ChargesPerTenureMonth,Critical (>75%)
0,0,1,1,46,0,0,35.05,1620.25,0.7457446808510638,2,0,1,0,3,True,False,False,False,False,True,False,True,False,False,False,False,False,False,False,False,False,False,False,False,False,0.3128908,0,0,ChargesPerTenureMonth,Medium (30-50%)
1,0,0,0,4,0,1,29.65,118.5,5.93,1,1,0,0,3,True,False,False,False,False,False,False,False,False,True,False,False,False,False,False,False,False,False,False,True,False,0.7116741,1,1,ContractRisk,High (50-75%)
1,0,1,1,11,1,1,20.45,250.8,1.7041666666666666,1,0,0,0,3,False,False,False,True,True,False,True,False,True,False,True,False,True,False,True,False,False,False,False,True,False,0.3026984,0,0,ChargesPerTenureMonth,Medium (30-50%)
1,0,1,0,59,1,0,66.4,3958.2,1.106666666666667,5,0,1,0,2,False,False,False,False,False,True,False,True,False,True,False,False,False,True,False,False,True,False,True,False,False,0.14171466,0,0,ContractRisk,Low (<30%)
0,0,1,1,53,1,0,60.6,3297.0,1.1222222222222222,3,0,1,0,2,False,False,False,False,False,False,False,False,False,True,False,False,False,False,False,True,True,False,True,False,False,0.21195662,0,0,ContractRisk,Low (<30%)
0,0,0,0,3,1,1,54.2,140.4,13.55,2,1,0,0,3,False,False,False,False,False,False,False,False,False,False,False,False,False,True,False,False,False,False,False,True,False,0.7681701,1,0,ChargesPerTenureMonth,Critical (>75%)
0,0,1,0,72,1,1,25.25,1841.2,0.3458904109589041,2,0,1,0,1,False,True,False,True,True,False,True,False,True,False,True,False,True,False,True,False,False,True,False,False,False,0.039713286,0,0,ContractRisk,Low (<30%)
1,0,0,0,9,1,1,18.95,185.6,1.895,1,0,0,0,3,False,False,False,True,True,False,True,False,True,False,True,False,True,False,True,False,False,False,False,False,True,0.20637201,0,1,ChargesPerTenureMonth,Low (<30%)
1,0,1,1,24,1,1,20.8,469.65,0.8320000000000001,1,0,0,0,2,False,False,False,True,True,False,True,False,True,False,True,False,True,False,True,False,True,False,True,False,False,0.06801261,0,0,ChargesPerTenureMonth,Low (<30%)
0,1,1,0,45,1,1,86.1,3861.45,1.8717391304347823,3,0,1,1,3,False,False,True,False,False,False,False,False,False,True,False,False,False,False,False,True,False,False,False,True,False,0.6720179,1,0,ContractRisk,High (50-75%)
0,0,1,0,49,0,0,40.65,2070.75,0.813,2,0,1,0,3,True,False,False,False,False,True,False,False,False,False,False,False,False,True,False,False,False,False,False,False,False,0.25421676,0,0,ChargesPerTenureMonth,Low (<30%)
0,0,1,0,61,1,0,24.4,1417.9,0.3935483870967741,2,0,1,0,1,False,True,False,True,True,False,True,False,True,False,True,False,True,False,True,False,False,True,False,False,True,0.04858849,0,0,ContractRisk,Low (<30%)
1,0,0,0,2,1,1,70.3,144.0,23.433333333333334,1,1,0,0,3,False,False,True,False,False,False,False,False,False,False,False,False,False,False,False,False,False,False,False,True,False,0.82379574,1,0,ContractRisk,Critical (>75%)
0,0,0,0,5,1,1,85.4,425.9,14.233333333333334,3,1,0,0,3,False,False,True,False,False,False,False,False,False,False,False,True,False,False,False,True,False,False,True,False,False,0.8217249,1,1,ChargesPerTenureMonth,Critical (>75%)
0,0,0,0,2,0,1,42.6,72.4,14.2,3,1,0,0,3,True,False,False,False,False,True,False,True,False,False,False,False,False,False,False,True,False,False,False,True,False,0.7881257,1,1,ChargesPerTenureMonth,Critical (>75%)
1,0,0,0,25,1,0,81.75,2028.8,3.144230769230769,7,0,0,0,3,False,True,False,False,False,True,False,True,False,True,False,True,False,False,False,True,False,False,False,False,False,0.24737252,0,0,InternetService_Fiber optic,Low (<30%)
0,0,1,0,60,1,1,106.15,6411.25,1.7401639344262296,6,0,1,1,3,False,True,True,False,False,False,False,True,False,True,False,False,False,True,False,True,False,False,False,True,False,0.69746566,1,0,ContractRisk,High (50-75%)
1,0,1,1,51,1,0,110.05,5686.4,2.1163461538461537,7,0,1,1,2,False,True,True,False,False,True,False,True,False,False,False,True,False,True,False,True,True,False,True,False,False,0.34390596,0,0,ContractRisk,Medium (30-50%)
1,0,1,1,2,1,0,56.7,113.55,18.9,3,1,0,0,3,False,True,False,False,False,True,False,False,False,False,False,False,False,False,False,False,False,False,False,False,True,0.47671723,1,1,ChargesPerTenureMonth,Medium (30-50%)
1,1,1,0,62,1,1,103.75,6383.35,1.6468253968253967,6,0,1,1,2,False,True,True,False,False,False,False,True,False,True,False,False,False,True,False,True,True,False,False,True,False,0.49926388,1,1,ContractRisk,Medium (30-50%)
1,0,1,0,52,1,1,81.4,4354.45,1.5358490566037737,7,0,1,1,2,False,True,False,False,False,True,False,True,False,True,False,True,False,False,False,True,True,False,True,False,False,0.20020309,0,0,ChargesPerTenureMonth,Low (<30%)
1,0,0,0,68,1,1,76.9,5023.0,1.1144927536231886,6,0,1,1,2,False,True,False,False,False,True,False,True,False,True,False,False,False,False,False,True,True,False,True,False,False,0.23751645,0,0,ChargesPerTenureMonth,Low (<30%)
0,0,0,0,22,1,1,84.15,1821.95,3.658695652173913,3,0,0,0,3,False,True,True,False,False,False,False,False,False,False,False,False,False,True,False,False,False,False,False,False,False,0.67833966,1,0,ContractRisk,High (50-75%)
1,1,1,0,1,0,0,25.05,25.05,12.525,0,1,0,0,3,True,False,False,False,False,False,False,False,False,False,False,False,False,False,False,False,False,False,False,True,False,0.7918659,1,1,ChargesPerTenureMonth,Critical (>75%)
1,1,0,0,3,0,1,41.15,132.2,10.2875,2,1,0,0,3,True,False,False,False,False,False,False,False,False,True,False,False,False,False,False,True,False,False,False,True,False,0.8115845,1,1,ChargesPerTenureMonth,Critical (>75%)
0,1,0,0,16,1,1,96.4,1581.2,5.670588235294118,4,0,0,0,3,False,True,True,False,False,False,False,False,False,False,False,False,False,True,False,True,False,False,False,True,False,0.82224923,1,1,ContractRisk,Critical (>75%)
0,1,0,0,32,1,1,74.4,2276.95,2.254545454545455,2,0,0,1,3,False,False,True,False,False,False,False,True,False,False,False,False,False,False,False,False,False,False,False,True,False,0.6787102,1,1,ContractRisk,High (50-75%)
1,0,0,0,50,1,0,24.9,1195.25,0.488235294117647,2,0,1,0,1,False,True,False,True,True,False,True,False,True,False,True,False,True,False,True,False,False,True,False,False,False,0.049935196,0,0,ContractRisk,Low (<30%)
1,0,1,1,1,1,1,48.75,48.75,24.375,2,1,0,0,3,False,False,False,False,False,True,False,False,False,False,False,False,False,False,False,False,False,False,False,False,True,0.6906355,1,0,ChargesPerTenureMonth,High (50-75%)
0,0,0,0,6,1,0,83.9,497.55,11.985714285714286,3,1,0,0,3,False,False,True,False,False,False,False,False,False,True,False,False,False,False,False,True,False,False,False,True,False,0.8024734,1,1,ChargesPerTenureMonth,Critical (>75%)
1,0,0,0,1,1,1,50.75,50.75,25.375,2,1,0,0,3,False,False,False,False,False,False,False,True,False,False,False,False,False,False,False,False,False,False,False,True,False,0.79717445,1,1,ChargesPerTenureMonth,Critical (>75%)
0,0,1,1,29,1,0,20.2,558.8,0.6733333333333333,1,0,0,0,1,False,False,False,True,True,False,True,False,True,False,True,False,True,False,True,False,False,True,False,False,True,0.042659342,0,0,ContractRisk,Low (<30%)
1,0,0,0,1,1,1,19.3,19.3,9.65,1,1,0,0,3,False,False,False,True,True,False,True,False,True,False,True,False,True,False,True,False,False,False,False,False,True,0.6012845,1,1,ChargesPerTenureMonth,High (50-75%)
0,0,0,0,58,1,1,95.3,5817.7,1.6152542372881356,4,0,1,1,3,False,False,True,False,False,False,False,False,False,False,False,True,False,True,False,True,False,False,False,True,False,0.4156765,0,0,ChargesPerTenureMonth,Medium (30-50%)
1,1,1,1,35,1,1,76.05,2747.2,2.1125,5,0,0,1,3,False,False,False,False,False,False,False,True,False,False,False,True,False,True,False,True,False,False,False,True,False,0.41294158,0,0,InternetService_Fiber optic,Medium (30-50%)
1,0,0,0,43,1,0,19.55,876.15,0.4443181818181818,1,0,1,0,1,False,False,False,True,True,False,True,False,True,False,True,False,True,False,True,False,False,True,False,False,True,0.046728782,0,0,ContractRisk,Low (<30%)
0,0,0,0,41,1,0,50.05,2029.05,1.1916666666666669,2,0,1,0,2,False,False,False,False,False,False,False,False,False,False,False,True,False,False,False,False,True,False,False,False,False,0.13630177,0,0,ContractRisk,Low (<30%)
0,0,1,1,47,1,0,19.3,890.5,0.4020833333333333,1,0,1,0,1,False,False,False,True,True,False,True,False,True,False,True,False,True,False,True,False,False,True,False,False,False,0.04444258,0,0,ContractRisk,Low (<30%)
0,0,0,0,33,1,1,100.0,3320.6,2.9411764705882355,5,0,0,1,3,False,True,True,False,False,False,False,True,False,False,False,False,False,True,False,True,False,False,False,True,False,0.7683512,1,0,ContractRisk,Critical (>75%)
1,0,0,0,67,1,0,20.5,1430.95,0.3014705882352941,1,0,1,0,1,False,False,False,True,True,False,True,False,True,False,True,False,True,False,True,False,False,True,False,False,False,0.038527925,0,0,ContractRisk,Low (<30%)
0,0,1,0,72,1,0,19.4,1496.45,0.2657534246575342,1,0,1,0,1,False,False,False,True,True,False,True,False,True,False,True,False,True,False,True,False,False,True,False,False,False,0.033275623,0,0,ContractRisk,Low (<30%)
1,0,1,1,50,1,0,54.9,2614.1,1.076470588235294,3,0,1,0,2,False,True,False,False,False,False,False,False,False,True,False,False,False,False,False,False,True,False,False,False,False,0.171062,0,0,ContractRisk,Low (<30%)
1,1,1,0,49,1,0,49.8,2398.4,0.996,2,0,1,0,1,False,False,False,False,False,False,False,True,False,False,False,False,False,False,False,False,False,True,False,False,True,0.11267481,0,0,ContractRisk,Low (<30%)
1,0,0,0,4,1,1,74.35,265.35,14.87,2,1,0,0,3,False,True,True,False,False,False,False,False,False,False,False,False,False,False,False,False,False,False,False,True,False,0.85910565,1,1,ChargesPerTenureMonth,Critical (>75%)
1,0,1,0,61,1,0,94.15,5731.85,1.5185483870967742,5,0,1,1,3,False,False,True,False,False,False,False,True,False,True,False,True,False,False,False,True,False,False,True,False,False,0.32294858,0,0,ChargesPerTenureMonth,Medium (30-50%)
1,0,1,1,7,1,0,20.65,150.0,2.58125,1,0,0,0,2,False,False,False,True,True,False,True,False,True,False,True,False,True,False,True,False,True,False,False,False,True,0.09660633,0,0,ContractRisk,Low (<30%)
1,1,0,0,14,1,0,90.45,1266.1,6.03,3,0,0,0,3,False,False,True,False,False,False,False,False,False,False,False,False,False,True,False,True,False,False,True,False,False,0.6787197,1,1,ContractRisk,High (50-75%)
0,0,1,0,26,1,1,73.05,1959.5,2.705555555555556,5,0,0,0,3,False,False,False,False,False,False,False,True,False,False,False,True,False,True,False,True,False,False,False,True,False,0.44186583,0,0,InternetService_Fiber optic,Medium (30-50%)
0,1,0,0,35,1,0,70.55,2419.0,1.959722222222222,1,0,0,1,3,False,False,True,False,False,False,False,False,False,False,False,False,False,False,False,False,False,False,False,True,False,0.66844773,1,0,ContractRisk,High (50-75%)
0,1,1,0,54,1,1,99.1,5437.1,1.801818181818181,5,0,1,1,2,False,False,True,False,False,False,False,False,False,True,False,True,False,True,False,True,True,False,False,True,False,0.50796825,1,0,ContractRisk,High (50-75%)
0,0,0,0,8,1,0,95.65,778.1,10.627777777777778,4,0,0,0,3,False,True,True,False,False,False,False,False,False,False,False,False,False,True,False,True,False,False,False,False,False,0.8659005,1,1,ChargesPerTenureMonth,Critical (>75%)
1,0,0,1,1,1,1,71.65,71.65,35.825,1,1,0,0,3,False,False,True,False,False,False,False,False,False,False,False,False,False,False,False,False,False,False,False,True,False,0.9033776,1,1,ChargesPerTenureMonth,Critical (>75%)
0,0,1,1,67,1,1,100.25,6689.0,1.474264705882353,6,0,1,1,2,False,True,True,False,False,True,False,False,False,True,False,True,False,False,False,True,True,False,False,False,False,0.22358224,0,0,ContractRisk,Low (<30%)
0,0,0,1,24,1,0,19.75,498.1,0.79,1,0,0,0,1,False,False,False,True,True,False,True,False,True,False,True,False,True,False,True,False,False,True,False,False,True,0.050639853,0,0,ContractRisk,Low (<30%)
0,0,1,1,64,1,0,24.9,1595.5,0.383076923076923,2,0,1,0,2,False,True,False,True,True,False,True,False,True,False,True,False,True,False,True,False,True,False,False,False,True,0.07194195,0,0,ChargesPerTenureMonth,Low (<30%)
0,1,1,1,34,1,1,79.6,2718.3,2.274285714285714,3,0,0,1,3,False,True,True,False,False,False,False,True,False,False,False,False,False,False,False,False,False,False,False,False,True,0.58654416,1,1,ContractRisk,High (50-75%)
1,0,1,1,8,1,0,19.9,153.95,2.211111111111111,1,0,0,0,2,False,False,False,True,True,False,True,False,True,False,True,False,True,False,True,False,True,False,True,False,False,0.09460698,0,0,ContractRisk,Low (<30%)
0,0,0,0,6,1,0,20.2,123.65,2.8857142857142857,1,1,0,0,3,False,False,False,True,True,False,True,False,True,False,True,False,True,False,True,False,False,False,False,False,True,0.25501573,0,0,ContractRisk,Low (<30%)
1,0,0,0,13,1,1,99.0,1301.7,7.071428571428571,5,0,0,0,3,False,True,True,False,False,False,False,False,False,False,False,True,False,True,False,True,False,False,False,False,True,0.7683858,1,1,ContractRisk,Critical (>75%)
1,0,1,1,62,1,1,24.25,1424.6,0.3849206349206349,2,0,1,0,1,False,True,False,True,True,False,True,False,True,False,True,False,True,False,True,False,False,True,False,False,False,0.04122185,0,0,ContractRisk,Low (<30%)
1,0,1,0,34,1,1,100.05,3480.0,2.8585714285714285,5,0,0,1,3,False,True,True,False,False,False,False,False,False,True,False,False,False,True,False,True,False,False,False,True,False,0.77400154,1,1,ContractRisk,Critical (>75%)
1,0,0,0,9,1,1,99.3,918.75,9.93,5,0,0,0,3,False,True,True,False,False,False,False,True,False,False,False,False,False,True,False,True,False,False,True,False,False,0.88354355,1,0,ChargesPerTenureMonth,Critical (>75%)
1,0,0,0,22,1,0,20.3,467.15,0.8826086956521739,1,0,0,0,2,False,False,False,True,True,False,True,False,True,False,True,False,True,False,True,False,True,False,True,False,False,0.06687127,0,0,ContractRisk,Low (<30%)
1,0,0,1,40,1,1,55.25,2139.2,1.3475609756097562,3,0,1,0,3,False,False,False,False,False,True,False,True,False,False,False,False,False,False,False,False,False,False,False,False,True,0.26762256,0,1,ChargesPerTenureMonth,Low (<30%)
0,1,1,0,35,1,1,100.5,3653.35,2.7916666666666665,6,0,0,1,3,False,True,True,False,False,True,False,True,False,False,False,True,False,True,False,False,False,False,False,False,False,0.55531365,1,1,ContractRisk,High (50-75%)
1,0,0,0,7,1,0,23.5,173.0,2.9375,2,0,0,0,3,False,True,False,True,True,False,True,False,True,False,True,False,True,False,True,False,False,False,False,False,True,0.23528704,0,0,ContractRisk,Low (<30%)
1,1,0,0,32,1,0,19.8,587.7,0.6,1,0,0,0,2,False,False,False,True,True,False,True,False,True,False,True,False,True,False,True,False,True,False,True,False,False,0.07059754,0,0,ChargesPerTenureMonth,Low (<30%)
1,0,0,1,61,1,0,19.75,1124.2,0.3185483870967742,1,0,1,0,1,False,False,False,True,True,False,True,False,True,False,True,False,True,False,True,False,False,True,False,False,True,0.06494796,0,0,ContractRisk,Low (<30%)
1,0,0,0,2,1,0,20.75,44.2,6.916666666666667,1,1,0,0,3,False,False,False,True,True,False,True,False,True,False,True,False,True,False,True,False,False,False,False,False,True,0.28949133,0,0,ContractRisk,Low (<30%)
0,0,1,0,56,1,0,103.2,5744.35,1.810526315789473,6,0,1,1,1,False,True,True,False,False,False,False,False,False,True,False,True,False,True,False,True,False,True,False,False,False,0.26199406,0,0,ContractRisk,Low (<30%)
0,1,1,0,65,1,1,106.25,6979.8,1.6098484848484849,6,0,1,1,2,False,True,True,False,False,False,False,True,False,True,False,False,False,True,False,True,True,False,False,True,False,0.45653138,1,1,ContractRisk,Medium (30-50%)
0,0,1,1,28,1,0,49.9,1410.25,1.7206896551724138,2,0,0,0,3,False,True,False,False,False,False,False,False,False,False,False,False,False,False,False,False,False,False,False,False,True,0.25347203,0,0,ContractRisk,Low (<30%)
1,0,0,0,18,1,0,69.5,1199.4,3.657894736842105,5,0,0,0,3,False,True,False,False,False,True,False,False,False,True,False,False,False,True,False,False,False,False,False,False,True,0.2832722,0,0,ContractRisk,Low (<30%)
0,0,1,1,71,1,1,90.55,6239.05,1.2576388888888888,8,0,1,1,1,False,True,False,False,False,True,False,True,False,True,False,True,False,True,False,True,False,True,True,False,False,0.04940283,0,0,ContractRisk,Low (<30%)
1,0,0,0,72,1,1,88.6,6201.95,1.2136986301369863,7,0,1,1,1,False,True,False,False,False,False,False,True,False,True,False,True,False,True,False,True,False,True,False,False,False,0.06976532,0,0,ContractRisk,Low (<30%)
1,1,0,0,1,1,1,76.45,76.45,38.225,2,1,0,0,3,False,True,True,False,False,False,False,False,False,False,False,False,False,False,False,False,False,False,False,True,False,0.9348473,1,1,ChargesPerTenureMonth,Critical (>75%)
1,0,0,0,1,1,0,19.75,19.75,9.875,1,1,0,0,3,False,False,False,True,True,False,True,False,True,False,True,False,True,False,True,False,False,False,False,False,True,0.56212145,1,1,ChargesPerTenureMonth,High (50-75%)
0,0,0,0,34,1,0,20.35,673.2,0.5814285714285715,1,0,0,0,3,False,False,False,True,True,False,True,False,True,False,True,False,True,False,True,False,False,False,False,False,True,0.13921921,0,0,ChargesPerTenureMonth,Low (<30%)
0,0,0,0,8,1,1,87.05,762.1,9.672222222222222,3,0,0,0,3,False,True,True,False,False,False,False,False,False,False,False,False,False,True,False,False,False,False,False,True,False,0.8737033,1,1,ContractRisk,Critical (>75%)
0,0,0,0,47,1,1,106.4,5127.95,2.216666666666667,6,0,1,1,3,False,True,True,False,False,False,False,True,False,True,False,False,False,True,False,True,False,False,False,True,False,0.7428956,1,1,ContractRisk,High (50-75%)
0,0,1,1,72,1,1,24.05,1709.15,0.3294520547945205,2,0,1,0,1,False,True,False,True,True,False,True,False,True,False,True,False,True,False,True,False,False,True,False,False,False,0.032946736,0,0,ContractRisk,Low (<30%)
0,0,1,1,52,1,1,25.05,1270.25,0.4726415094339622,2,0,1,0,1,False,True,False,True,True,False,True,False,True,False,True,False,True,False,True,False,False,True,False,False,False,0.047042377,0,0,ContractRisk,Low (<30%)
1,0,0,0,3,1,0,19.85,64.55,4.9625,1,1,0,0,3,False,False,False,True,True,False,True,False,True,False,True,False,True,False,True,False,False,False,False,False,True,0.29267752,0,1,ContractRisk,Low (<30%)
0,0,1,0,60,0,0,37.7,2288.7,0.618032786885246,3,0,1,0,1,True,False,False,False,False,True,False,True,False,False,False,True,False,False,False,False,False,True,False,False,False,0.072911374,0,0,ContractRisk,Low (<30%)
0,0,0,0,3,1,1,96.6,291.9,24.15,4,1,0,0,3,False,True,True,False,False,False,False,False,False,False,False,False,False,True,False,True,False,False,False,True,False,0.9059013,1,1,ChargesPerTenureMonth,Critical (>75%)
1,0,0,0,19,1,1,86.0,1532.45,4.3,3,0,0,0,3,False,True,True,False,False,False,False,False,False,False,False,False,False,False,False,True,False,False,False,False,False,0.70245767,1,1,ContractRisk,High (50-75%)
1,0,0,0,1,1,1,69.9,69.9,34.95,1,1,0,0,3,False,False,True,False,False,False,False,False,False,False,False,False,False,False,False,False,False,False,False,True,False,0.91532505,1,0,ChargesPerTenureMonth,Critical (>75%)
0,0,1,0,6,1,1,105.3,545.2,15.042857142857144,6,1,0,0,3,False,True,True,False,False,False,False,True,False,True,False,False,False,True,False,True,False,False,False,True,False,0.9100987,1,1,ChargesPerTenureMonth,Critical (>75%)
1,0,1,1,49,1,0,59.6,2970.3,1.192,4,0,1,0,3,False,False,False,False,False,True,False,True,False,False,False,True,False,False,False,False,False,False,True,False,False,0.20214635,0,0,ChargesPerTenureMonth,Low (<30%)
1,1,0,0,22,1,1,90.5,1910.6,3.934782608695652,4,0,0,0,3,False,True,True,False,False,False,False,False,False,False,False,True,False,True,False,False,False,False,False,False,False,0.633491,1,1,ContractRisk,High (50-75%)
0,0,1,1,42,1,1,19.05,761.85,0.4430232558139535,1,0,1,0,2,False,False,False,True,True,False,True,False,True,False,True,False,True,False,True,False,True,False,False,True,False,0.08399396,0,0,ChargesPerTenureMonth,Low (<30%)
1,1,1,0,46,1,1,98.85,4564.9,2.103191489361702,5,0,1,1,3,False,True,True,False,False,False,False,False,False,True,False,False,False,True,False,True,False,False,False,True,False,0.750289,1,0,ContractRisk,Critical (>75%)
1,0,0,0,68,0,1,39.9,2796.35,0.5782608695652174,2,0,1,0,3,True,False,False,False,False,False,False,False,False,True,False,False,False,False,False,True,False,False,False,False,False,0.3291862,0,0,ChargesPerTenureMonth,Medium (30-50%)
0,0,0,1,2,1,0,20.5,38.25,6.833333333333333,1,1,0,0,2,False,False,False,True,True,False,True,False,True,False,True,False,True,False,True,False,True,False,False,False,False,0.11838177,0,0,ContractRisk,Low (<30%)
1,0,0,1,0,1,0,20.25,0.0,20.25,1,1,0,0,1,False,False,False,True,True,False,True,False,True,False,True,False,True,False,True,False,False,True,False,False,True,0.11308746,0,0,ContractRisk,Low (<30%)
0,0,1,1,35,1,0,72.25,2568.55,2.0069444444444446,6,0,0,1,3,False,True,False,False,False,True,False,False,False,True,False,True,False,True,False,False,False,False,False,True,False,0.35763392,0,1,ContractRisk,Medium (30-50%)
0,0,0,0,2,1,0,19.5,27.55,6.5,1,1,0,0,3,False,False,False,True,True,False,True,False,True,False,True,False,True,False,True,False,False,False,False,False,True,0.33129647,0,0,ContractRisk,Medium (30-50%)
1,0,1,1,68,1,0,62.65,4375.8,0.9079710144927536,5,0,1,0,1,False,False,False,False,False,True,False,True,False,True,False,True,False,False,False,False,False,True,True,False,False,0.05433596,0,0,ContractRisk,Low (<30%)
1,0,1,0,16,1,1,75.4,1189.4,4.435294117647059,2,0,0,0,3,False,True,True,False,False,False,False,False,False,False,False,False,False,False,False,False,False,False,False,True,False,0.78675866,1,0,ContractRisk,Critical (>75%)
1,0,1,0,72,1,1,110.9,8240.85,1.5191780821917809,7,0,1,1,1,False,True,True,False,False,True,False,False,False,True,False,True,False,True,False,True,False,True,True,False,False,0.11010141,0,0,ContractRisk,Low (<30%)
1,0,1,0,37,1,0,94.3,3460.95,2.481578947368421,5,0,1,1,1,False,True,True,False,False,False,False,False,False,True,False,True,False,True,False,False,False,True,False,False,True,0.1274637,0,0,ContractRisk,Low (<30%)
1,0,1,1,53,1,0,25.55,1336.1,0.4731481481481481,2,0,1,0,1,False,True,False,True,True,False,True,False,True,False,True,False,True,False,True,False,False,True,True,False,False,0.05580735,0,0,ContractRisk,Low (<30%)
0,0,0,0,40,1,0,83.85,3532.25,2.045121951219512,3,0,1,1,3,False,True,True,False,False,False,False,False,False,False,False,False,False,False,False,True,False,False,False,False,False,0.51562333,1,0,ContractRisk,High (50-75%)
0,0,0,0,46,1,1,94.15,4408.45,2.0031914893617024,5,0,1,1,2,False,True,True,False,False,False,False,True,False,True,False,False,False,False,False,True,True,False,False,True,False,0.44704422,0,0,ContractRisk,Medium (30-50%)
1,0,0,0,3,1,1,100.95,329.95,25.2375,5,1,0,0,3,False,True,True,False,False,False,False,False,False,True,False,False,False,True,False,True,False,False,False,True,False,0.9102625,1,1,ChargesPerTenureMonth,Critical (>75%)
0,0,0,0,1,1,0,75.3,75.3,37.65,2,1,0,0,3,False,False,True,False,False,False,False,False,False,True,False,False,False,False,False,False,False,False,False,True,False,0.8735775,1,1,ChargesPerTenureMonth,Critical (>75%)
1,0,0,0,7,1,0,19.25,112.3,2.40625,1,0,0,0,3,False,False,False,True,True,False,True,False,True,False,True,False,True,False,True,False,False,False,False,True,False,0.35661677,0,1,ContractRisk,Medium (30-50%)
1,0,0,0,6,0,1,30.5,208.7,4.357142857142857,1,1,0,0,3,True,False,False,False,False,False,False,True,False,False,False,False,False,False,False,False,False,False,True,False,False,0.5594798,1,1,ContractRisk,High (50-75%)
1,0,0,0,46,1,1,89.15,4245.55,1.896808510638298,4,0,1,1,3,False,True,True,False,False,True,False,False,False,False,False,False,False,True,False,False,False,False,True,False,False,0.5182369,1,0,ContractRisk,High (50-75%)
0,0,1,0,54,1,1,70.15,3715.65,1.2754545454545456,4,0,1,0,2,False,True,False,False,False,False,False,False,False,False,False,False,False,True,False,True,True,False,True,False,False,0.24523246,0,1,ChargesPerTenureMonth,Low (<30%)
1,1,0,0,15,1,1,79.4,1156.1,4.9625,2,0,0,0,3,False,False,True,False,False,False,False,False,False,False,False,False,False,False,False,True,False,False,False,True,False,0.7761234,1,1,ContractRisk,Critical (>75%)
1,0,0,0,3,1,1,85.3,264.8,21.325,3,1,0,0,3,False,True,True,False,False,False,False,False,False,False,False,False,False,False,False,True,False,False,False,True,False,0.88814634,1,1,ChargesPerTenureMonth,Critical (>75%)
1,0,1,1,70,1,0,20.05,1360.25,0.2823943661971831,1,0,1,0,1,False,False,False,True,True,False,True,False,True,False,True,False,True,False,True,False,False,True,True,False,False,0.035396066,0,0,ContractRisk,Low (<30%)
1,0,0,1,39,1,0,100.55,3895.35,2.51375,5,0,1,1,1,False,True,True,False,False,False,False,False,False,False,False,True,False,True,False,True,False,True,False,False,True,0.16226552,0,0,ContractRisk,Low (<30%)
1,0,1,0,2,1,0,20.0,38.0,6.666666666666667,1,1,0,0,3,False,False,False,True,True,False,True,False,True,False,True,False,True,False,True,False,False,False,False,False,True,0.28566492,0,0,ContractRisk,Low (<30%)
1,0,0,0,18,1,1,75.6,1395.05,3.978947368421052,2,0,0,0,3,False,True,True,False,False,False,False,False,False,False,False,False,False,False,False,False,False,False,False,False,False,0.6332785,1,0,ContractRisk,High (50-75%)
1,1,0,0,72,1,1,25.1,1789.9,0.3438356164383562,2,0,1,0,1,False,True,False,True,True,False,True,False,True,False,True,False,True,False,True,False,False,True,True,False,False,0.043301247,0,0,ContractRisk,Low (<30%)
1,0,0,1,47,1,1,55.3,2654.05,1.1520833333333331,3,0,1,0,3,False,False,False,False,False,True,False,True,False,False,False,False,False,False,False,False,False,False,False,True,False,0.3405571,0,0,ChargesPerTenureMonth,Medium (30-50%)
0,0,1,1,22,1,0,19.9,400.3,0.8652173913043477,1,0,0,0,3,False,False,False,True,True,False,True,False,True,False,True,False,True,False,True,False,False,False,False,False,True,0.15530966,0,0,ChargesPerTenureMonth,Low (<30%)
1,0,1,1,71,1,0,89.9,6457.15,1.2486111111111111,8,0,1,1,1,False,True,False,False,False,True,False,True,False,True,False,True,False,True,False,True,False,True,True,False,False,0.048803642,0,0,ContractRisk,Low (<30%)
1,0,0,0,8,1,1,74.85,572.45,8.316666666666666,2,0,0,0,3,False,True,True,False,False,False,False,False,False,False,False,False,False,False,False,False,False,False,False,True,False,0.8421002,1,0,ContractRisk,Critical (>75%)
0,0,1,1,71,1,0,19.9,1389.35,0.2763888888888888,1,0,1,0,1,False,False,False,True,True,False,True,False,True,False,True,False,True,False,True,False,False,True,False,False,False,0.031650603,0,0,ContractRisk,Low (<30%)
0,0,0,0,53,1,1,94.45,5042.75,1.7490740740740742,5,0,1,1,2,False,False,True,False,False,False,False,True,False,True,False,True,False,False,False,True,True,False,True,False,False,0.34998727,0,0,ContractRisk,Medium (30-50%)
1,1,1,0,37,1,1,72.25,2575.45,1.9013157894736843,1,0,1,1,3,False,False,True,False,False,False,False,False,False,False,False,False,False,False,False,False,False,False,False,False,False,0.58552456,1,0,ContractRisk,High (50-75%)
1,0,1,0,64,1,1,70.15,4480.7,1.0792307692307692,5,0,1,0,2,False,True,False,False,False,False,False,True,False,False,False,True,False,False,False,True,True,False,False,False,True,0.19342956,0,0,ChargesPerTenureMonth,Low (<30%)
1,0,0,1,5,1,1,48.65,235.2,8.108333333333333,2,1,0,0,3,False,False,False,False,False,False,False,False,False,False,False,True,False,False,False,False,False,False,False,False,False,0.58683836,1,0,ContractRisk,High (50-75%)
0,0,0,0,60,1,0,104.7,6333.8,1.7163934426229508,6,0,1,1,1,False,True,True,False,False,False,False,True,False,True,False,False,False,True,False,True,False,True,False,True,False,0.29106438,0,0,ContractRisk,Low (<30%)
1,0,0,0,2,1,1,50.3,92.75,16.766666666666666,2,1,0,0,3,False,False,False,False,False,False,False,True,False,False,False,False,False,False,False,False,False,False,False,False,True,0.71614003,1,0,ChargesPerTenureMonth,High (50-75%)
0,0,0,0,25,0,0,54.2,1423.15,2.0846153846153848,4,0,0,0,2,True,False,False,False,False,False,False,False,False,True,False,True,False,True,False,True,True,False,False,True,False,0.326329,0,0,ContractRisk,Medium (30-50%)
0,0,1,1,6,1,0,19.7,113.5,2.814285714285714,1,1,0,0,3,False,False,False,True,True,False,True,False,True,False,True,False,True,False,True,False,False,False,False,False,True,0.261536,0,0,ContractRisk,Low (<30%)
1,0,1,1,60,1,1,110.6,6586.85,1.8131147540983603,7,0,1,1,1,False,True,True,False,False,True,False,False,False,True,False,True,False,True,False,True,False,True,False,True,False,0.32255748,0,0,ContractRisk,Medium (30-50%)
0,0,0,0,30,1,1,100.2,2983.8,3.232258064516129,5,0,0,1,3,False,True,True,False,False,False,False,True,False,False,False,False,False,True,False,True,False,False,False,True,False,0.7843742,1,1,ContractRisk,Critical (>75%)
1,0,0,0,67,0,1,49.35,3321.35,0.725735294117647,4,0,1,0,2,True,False,False,False,False,True,False,False,False,True,False,True,False,True,False,False,True,False,False,False,False,0.115431175,0,0,ContractRisk,Low (<30%)
1,0,0,0,53,1,0,24.05,1301.9,0.4453703703703703,2,0,1,0,2,False,True,False,True,True,False,True,False,True,False,True,False,True,False,True,False,True,False,False,False,False,0.085396424,0,0,ChargesPerTenureMonth,Low (<30%)
0,0,1,1,10,1,0,55.2,528.35,5.0181818181818185,3,0,0,0,3,False,False,False,False,False,False,False,False,False,True,False,True,False,False,False,False,False,False,True,False,False,0.3419916,0,1,ContractRisk,Medium (30-50%)
0,0,0,0,1,1,1,52.2,52.2,26.1,2,1,0,0,3,False,False,False,False,False,False,False,False,False,False,False,True,False,False,False,False,False,False,False,True,False,0.7635353,1,1,ChargesPerTenureMonth,Critical (>75%)
1,0,1,0,55,0,1,54.55,2978.3,0.9741071428571428,4,0,1,0,3,True,False,False,False,False,False,False,False,False,True,False,True,False,True,False,True,False,False,False,False,False,0.28825372,0,1,ChargesPerTenureMonth,Low (<30%)
0,0,0,0,70,1,0,84.7,5991.05,1.1929577464788732,7,0,1,1,1,False,True,False,False,False,True,False,True,False,True,False,False,False,True,False,True,False,True,False,False,True,0.077533714,0,0,ContractRisk,Low (<30%)
0,0,1,0,34,1,0,50.2,1815.3,1.4342857142857144,2,0,0,0,3,False,False,False,False,False,False,False,False,False,False,False,True,False,False,False,False,False,False,False,False,False,0.20736793,0,0,ChargesPerTenureMonth,Low (<30%)
0,0,0,0,68,1,0,110.25,7279.35,1.5978260869565215,7,0,1,1,1,False,True,True,False,False,True,False,True,False,False,False,True,False,True,False,True,False,True,True,False,False,0.23444249,0,0,ContractRisk,Low (<30%)
0,0,1,0,59,1,1,109.15,6557.75,1.8191666666666668,7,0,1,1,2,False,True,True,False,False,True,False,True,False,True,False,False,False,True,False,True,True,False,True,False,False,0.4601666,1,0,ContractRisk,Medium (30-50%)
0,0,0,0,9,1,1,74.85,708.2,7.484999999999999,2,0,0,0,3,False,False,True,False,False,True,False,False,False,False,False,False,False,False,False,False,False,False,False,True,False,0.75658995,1,0,ContractRisk,Critical (>75%)
1,0,0,0,6,1,1,80.5,463.05,11.5,2,1,0,0,3,False,False,True,False,False,False,False,False,False,False,False,False,False,True,False,False,False,False,True,False,False,0.84636116,1,1,ChargesPerTenureMonth,Critical (>75%)
1,0,1,0,50,1,1,103.95,5231.3,2.038235294117647,6,0,1,1,2,False,True,True,False,False,True,False,False,False,True,False,False,False,True,False,True,True,False,False,True,False,0.51703787,1,0,ContractRisk,High (50-75%)
0,1,1,1,72,1,0,92.45,6440.25,1.2664383561643835,8,0,1,1,1,False,True,False,False,False,True,False,True,False,True,False,True,False,True,False,True,False,True,True,False,False,0.044035137,0,1,ContractRisk,Low (<30%)
1,1,1,0,41,0,1,53.95,2215.4,1.2845238095238096,4,0,1,0,3,True,False,False,False,False,False,False,True,False,True,False,False,False,True,False,True,False,False,False,True,False,0.625608,1,0,ChargesPerTenureMonth,High (50-75%)
1,0,0,0,4,1,1,50.8,202.3,10.16,2,1,0,0,3,False,False,False,False,False,False,False,False,False,False,False,True,False,False,False,False,False,False,False,False,True,0.6312178,1,0,ChargesPerTenureMonth,High (50-75%)
1,0,1,1,47,0,0,40.3,1794.8,0.8395833333333332,3,0,1,0,2,True,False,False,False,False,True,False,False,False,True,False,True,False,False,False,False,True,False,False,True,False,0.13665085,0,0,ChargesPerTenureMonth,Low (<30%)
1,0,1,1,62,1,1,94.95,5791.85,1.5071428571428571,5,0,1,1,2,False,True,True,False,False,True,False,True,False,False,False,False,False,True,False,False,True,False,True,False,False,0.22357269,0,0,ContractRisk,Low (<30%)
0,0,1,1,18,1,0,20.45,357.0,1.076315789473684,1,0,0,0,3,False,False,False,True,True,False,True,False,True,False,True,False,True,False,True,False,False,False,False,False,True,0.20445856,0,0,ChargesPerTenureMonth,Low (<30%)
0,0,1,0,3,1,1,75.85,256.6,18.9625,2,1,0,0,3,False,True,True,False,False,False,False,False,False,False,False,False,False,False,False,False,False,False,False,True,False,0.87474364,1,1,ChargesPerTenureMonth,Critical (>75%)
1,0,0,0,65,1,1,25.1,1725.0,0.3803030303030303,2,0,1,0,1,False,True,False,True,True,False,True,False,True,False,True,False,True,False,True,False,False,True,False,False,False,0.048288055,0,0,ContractRisk,Low (<30%)
1,0,1,0,59,1,0,85.55,5084.65,1.4258333333333333,3,0,1,1,2,False,True,True,False,False,False,False,False,False,False,False,False,False,False,False,True,True,False,False,True,False,0.29755518,0,1,ContractRisk,Low (<30%)
0,0,0,0,60,1,1,70.15,4224.7,1.15,5,0,1,0,2,False,False,False,False,False,False,False,True,False,True,False,True,False,True,False,False,True,False,True,False,False,0.13507566,0,0,ChargesPerTenureMonth,Low (<30%)
0,0,0,0,10,1,1,20.55,187.35,1.8681818181818184,1,0,0,0,3,False,False,False,True,True,False,True,False,True,False,True,False,True,False,True,False,False,False,False,False,True,0.23446964,0,0,ChargesPerTenureMonth,Low (<30%)
1,0,1,1,7,0,0,38.55,280.0,4.81875,3,0,0,0,1,True,False,False,False,False,True,False,True,False,True,False,False,False,False,False,False,False,True,False,False,True,0.08124584,0,0,ContractRisk,Low (<30%)
1,0,0,0,28,1,0,91.0,2626.15,3.1379310344827585,4,0,0,0,3,False,False,True,False,False,False,False,False,False,True,False,True,False,False,False,True,False,False,False,True,False,0.5614612,1,0,ContractRisk,High (50-75%)
1,1,1,0,29,1,1,79.3,2414.55,2.643333333333333,3,0,0,0,3,False,True,True,False,False,False,False,False,False,False,False,True,False,False,False,False,False,False,False,True,False,0.7029295,1,0,ContractRisk,High (50-75%)
1,0,1,1,0,1,1,19.7,0.0,19.7,1,1,0,0,2,False,False,False,True,True,False,True,False,True,False,True,False,True,False,True,False,True,False,False,False,True,0.21135858,0,0,ContractRisk,Low (<30%)
0,0,0,0,37,1,0,64.65,2347.85,1.7013157894736843,4,0,1,0,2,False,True,False,False,False,True,False,False,False,False,False,False,False,True,False,False,True,False,False,False,False,0.17282137,0,0,ContractRisk,Low (<30%)
0,0,1,1,45,1,1,24.65,1138.8,0.5358695652173913,2,0,1,0,1,False,True,False,True,True,False,True,False,True,False,True,False,True,False,True,False,False,True,False,False,False,0.047551665,0,0,ContractRisk,Low (<30%)
1,0,1,0,61,1,1,79.8,4914.8,1.2870967741935484,6,0,1,1,2,False,True,False,False,False,False,False,True,False,True,False,False,False,True,False,True,True,False,False,True,False,0.33715814,0,0,ChargesPerTenureMonth,Medium (30-50%)
0,0,1,0,64,1,0,19.45,1208.6,0.2992307692307692,1,0,1,0,1,False,False,False,True,True,False,True,False,True,False,True,False,True,False,True,False,False,True,True,False,False,0.044301033,0,0,ContractRisk,Low (<30%)
1,0,1,1,63,1,1,91.35,5764.7,1.42734375,4,0,1,1,2,False,True,True,False,False,False,False,True,False,False,False,False,False,False,False,True,True,False,False,True,False,0.32313183,0,0,ChargesPerTenureMonth,Medium (30-50%)
0,1,1,0,37,1,1,76.5,2868.15,2.013157894736842,2,0,1,1,3,False,True,True,False,False,False,False,False,False,False,False,False,False,False,False,False,False,False,False,True,False,0.70526403,1,1,ContractRisk,High (50-75%)
0,1,1,0,72,1,0,24.3,1778.7,0.3328767123287671,2,0,1,0,1,False,True,False,True,True,False,True,False,True,False,True,False,True,False,True,False,False,True,False,False,False,0.03426408,0,0,ContractRisk,Low (<30%)
0,0,1,1,66,1,0,89.9,5958.85,1.3417910447761194,8,0,1,1,1,False,True,False,False,False,True,False,True,False,True,False,True,False,True,False,True,False,True,True,False,False,0.05625041,0,0,ContractRisk,Low (<30%)
0,0,0,0,1,1,0,95.65,95.65,47.825,4,1,0,0,3,False,True,True,False,False,False,False,False,False,False,False,False,False,True,False,True,False,False,False,False,True,0.9050918,1,1,ChargesPerTenureMonth,Critical (>75%)
0,0,1,0,9,1,1,79.75,769.1,7.975,2,0,0,0,3,False,False,True,False,False,False,False,False,False,False,False,False,False,False,False,True,False,False,False,True,False,0.80937785,1,0,ContractRisk,Critical (>75%)
1,0,0,0,1,0,0,25.35,25.35,12.675,0,1,0,0,3,True,False,False,False,False,False,False,False,False,False,False,False,False,False,False,False,False,False,False,False,True,0.7201206,1,0,ChargesPerTenureMonth,High (50-75%)
0,1,0,0,4,1,1,99.8,442.85,19.96,5,1,0,0,3,False,False,True,False,False,False,False,True,False,True,False,False,False,True,False,True,False,False,True,False,False,0.8891885,1,1,ChargesPerTenureMonth,Critical (>75%)
0,1,1,0,38,1,1,74.95,2869.85,1.921794871794872,2,0,1,1,3,False,True,True,False,False,False,False,False,False,False,False,False,False,False,False,False,False,False,False,False,False,0.60290366,1,1,ContractRisk,High (50-75%)
1,0,1,1,44,1,1,61.9,2924.05,1.3755555555555554,4,0,1,0,3,False,False,False,False,False,False,False,True,False,True,False,True,False,False,False,False,False,False,False,False,True,0.19713028,0,0,ChargesPerTenureMonth,Low (<30%)
0,0,1,0,22,1,1,54.7,1178.75,2.3782608695652177,3,0,0,0,3,False,False,False,False,False,False,False,True,False,True,False,False,False,False,False,False,False,False,False,False,True,0.40627182,0,0,ContractRisk,Medium (30-50%)
0,0,0,0,53,1,1,106.95,5785.5,1.980555555555556,6,0,1,1,2,False,True,True,False,False,True,False,False,False,True,False,False,False,True,False,True,True,False,True,False,False,0.46637642,1,1,ContractRisk,Medium (30-50%)
1,1,1,0,23,1,1,90.45,2117.25,3.76875,3,0,0,0,3,False,False,True,False,False,False,False,False,False,False,False,False,False,True,False,True,False,False,False,True,False,0.75971746,1,0,ContractRisk,Critical (>75%)
0,0,0,0,20,1,1,18.9,347.65,0.8999999999999999,1,0,0,0,3,False,False,False,True,True,False,True,False,True,False,True,False,True,False,True,False,False,False,True,False,False,0.17137994,0,0,ChargesPerTenureMonth,Low (<30%)
1,0,0,0,51,1,0,24.75,1234.6,0.4759615384615384,2,0,1,0,1,False,True,False,True,True,False,True,False,True,False,True,False,True,False,True,False,False,True,False,False,True,0.0493673,0,0,ContractRisk,Low (<30%)
1,0,1,1,62,1,0,20.65,1218.45,0.3277777777777778,1,0,1,0,1,False,False,False,True,True,False,True,False,True,False,True,False,True,False,True,False,False,True,True,False,False,0.041819762,0,0,ContractRisk,Low (<30%)
1,0,0,0,7,1,1,18.95,130.55,2.36875,1,0,0,0,3,False,False,False,True,True,False,True,False,True,False,True,False,True,False,True,False,False,False,False,False,True,0.26574343,0,0,ContractRisk,Low (<30%)
0,0,0,0,17,1,1,83.55,1329.15,4.641666666666667,3,0,0,0,3,False,False,True,False,False,False,False,True,False,False,False,False,False,True,False,False,False,False,False,True,False,0.75149125,1,0,ContractRisk,Critical (>75%)
1,0,0,1,41,1,0,70.2,2894.55,1.6714285714285717,5,0,1,0,2,False,False,False,False,False,True,False,True,False,True,False,False,False,True,False,False,True,False,False,False,True,0.159762,0,0,ContractRisk,Low (<30%)
0,0,0,0,7,1,1,94.05,633.45,11.75625,4,0,0,0,2,False,False,True,False,False,False,False,True,False,False,False,False,False,True,False,True,True,False,False,False,True,0.62899375,1,0,ContractRisk,High (50-75%)
1,0,0,1,1,1,1,50.05,50.05,25.025,2,1,0,0,3,False,True,False,False,False,False,False,False,False,False,False,False,False,False,False,False,False,False,False,True,False,0.80985665,1,0,ChargesPerTenureMonth,Critical (>75%)
0,0,1,0,64,1,0,58.35,3756.45,0.8976923076923077,4,0,1,0,2,False,True,False,False,False,False,False,False,False,True,False,True,False,False,False,False,True,False,False,False,False,0.103891976,0,0,ChargesPerTenureMonth,Low (<30%)
0,0,0,0,3,1,1,75.5,220.6,18.875,2,1,0,0,3,False,True,True,False,False,False,False,False,False,False,False,False,False,False,False,False,False,False,False,True,False,0.85910565,1,1,ChargesPerTenureMonth,Critical (>75%)
0,1,1,0,50,1,1,71.05,3444.85,1.3931372549019607,1,0,1,1,3,False,False,True,False,False,False,False,False,False,False,False,False,False,False,False,False,False,False,False,True,False,0.5562002,1,1,ChargesPerTenureMonth,High (50-75%)
1,0,1,0,18,1,0,56.8,1074.65,2.9894736842105263,3,0,0,0,3,False,True,False,False,False,False,False,True,False,False,False,False,False,False,False,False,False,False,True,False,False,0.34711877,0,0,ContractRisk,Medium (30-50%)
0,0,1,1,13,1,0,55.95,734.35,3.996428571428571,2,0,0,0,3,False,False,False,False,False,False,False,False,False,False,False,False,False,False,False,True,False,False,False,True,False,0.46137452,1,1,ContractRisk,Medium (30-50%)
1,0,1,1,69,1,0,80.65,5542.55,1.1521428571428571,6,0,1,1,1,False,False,False,False,False,True,False,True,False,False,False,True,False,True,False,True,False,True,False,False,False,0.07423175,0,0,ContractRisk,Low (<30%)
0,0,0,0,1,1,1,79.15,79.15,39.575,3,1,0,0,3,False,True,True,False,False,False,False,True,False,False,False,False,False,False,False,False,False,False,False,False,True,0.9189003,1,0,ChargesPerTenureMonth,Critical (>75%)
1,0,0,0,4,1,0,90.65,367.95,18.130000000000003,4,1,0,0,3,False,True,True,False,False,True,False,False,False,False,False,False,False,True,False,False,False,False,False,True,False,0.720606,1,0,ContractRisk,High (50-75%)
1,0,0,0,1,1,1,53.5,53.5,26.75,2,1,0,0,3,False,False,False,False,False,False,False,False,False,False,False,False,False,True,False,False,False,False,False,False,True,0.7712804,1,1,ChargesPerTenureMonth,Critical (>75%)
1,0,1,1,25,1,0,53.65,1355.45,2.0634615384615382,3,0,0,0,2,False,False,False,False,False,False,False,True,False,True,False,False,False,False,False,False,True,False,False,False,True,0.15216978,0,0,ContractRisk,Low (<30%)
0,0,1,1,18,1,0,55.95,1082.8,2.944736842105263,2,0,0,0,3,False,False,False,False,False,False,False,False,False,False,False,False,False,True,False,False,False,False,False,False,True,0.37650523,0,0,ContractRisk,Medium (30-50%)
1,0,1,1,48,1,0,23.55,1173.35,0.4806122448979592,2,0,1,0,1,False,True,False,True,True,False,True,False,True,False,True,False,True,False,True,False,False,True,False,False,True,0.039069608,0,0,ContractRisk,Low (<30%)
1,0,0,0,26,1,1,20.65,595.5,0.7648148148148147,1,0,0,0,2,False,False,False,True,True,False,True,False,True,False,True,False,True,False,True,False,True,False,True,False,False,0.0687588,0,0,ContractRisk,Low (<30%)
1,0,0,0,1,1,1,69.1,69.1,34.55,1,1,0,0,3,False,False,True,False,False,False,False,False,False,False,False,False,False,False,False,False,False,False,False,True,False,0.9185315,1,1,ChargesPerTenureMonth,Critical (>75%)
0,0,0,1,4,0,1,57.2,223.75,11.44,5,1,0,0,3,True,False,False,False,False,True,False,True,False,True,False,False,False,True,False,True,False,False,False,False,True,0.63119763,1,0,ChargesPerTenureMonth,High (50-75%)
1,0,0,0,1,1,0,20.3,20.3,10.15,1,1,0,0,3,False,False,False,True,True,False,True,False,True,False,True,False,True,False,True,False,False,False,False,False,True,0.56261843,1,0,ChargesPerTenureMonth,High (50-75%)
1,0,1,1,11,1,1,74.35,834.2,6.195833333333333,2,0,0,0,3,False,True,True,False,False,False,False,False,False,False,False,False,False,False,False,False,False,False,False,True,False,0.7840114,1,1,ContractRisk,Critical (>75%)
1,0,1,1,4,1,0,61.45,229.55,12.29,3,1,0,0,3,False,False,False,False,False,False,False,False,False,False,False,True,False,False,False,True,False,False,True,False,False,0.52419317,1,1,ChargesPerTenureMonth,High (50-75%)
0,1,0,0,8,1,0,19.65,164.3,2.183333333333333,1,0,0,0,3,False,False,False,True,True,False,True,False,True,False,True,False,True,False,True,False,False,False,False,True,False,0.40094122,0,1,ContractRisk,Medium (30-50%)
0,0,1,0,6,1,1,90.75,512.25,12.964285714285714,4,1,0,0,3,False,True,True,False,False,False,False,True,False,False,False,False,False,False,False,True,False,False,False,True,False,0.891662,1,0,ChargesPerTenureMonth,Critical (>75%)
1,0,0,0,72,1,0,92.0,6632.75,1.2602739726027397,8,0,1,1,1,False,True,False,False,False,True,False,True,False,True,False,True,False,True,False,True,False,True,False,False,False,0.039866794,0,0,ContractRisk,Low (<30%)
0,0,0,0,27,1,0,52.85,1498.65,1.8875,3,0,0,0,1,False,False,False,False,False,True,False,True,False,False,False,False,False,False,False,False,False,True,False,False,False,0.06491222,0,0,ContractRisk,Low (<30%)
0,1,0,1,1,1,1,71.0,71.0,35.5,1,1,0,0,3,False,False,True,False,False,False,False,False,False,False,False,False,False,False,False,False,False,False,False,True,False,0.90888333,1,1,ChargesPerTenureMonth,Critical (>75%)
0,0,0,0,17,1,0,20.15,353.65,1.1194444444444445,1,0,0,0,2,False,False,False,True,True,False,True,False,True,False,True,False,True,False,True,False,True,False,False,False,True,0.08774506,0,0,ContractRisk,Low (<30%)
1,0,0,0,66,1,0,68.75,4447.55,1.0261194029850746,6,0,1,0,1,False,True,False,False,False,True,False,True,False,True,False,True,False,False,False,False,False,True,False,False,False,0.06587546,0,0,ContractRisk,Low (<30%)
1,0,0,0,53,1,0,19.5,1050.5,0.3611111111111111,1,0,1,0,1,False,False,False,True,True,False,True,False,True,False,True,False,True,False,True,False,False,True,True,False,False,0.06038896,0,0,ContractRisk,Low (<30%)
1,0,1,0,44,1,1,84.8,3626.35,1.8844444444444444,4,0,1,1,3,False,True,True,False,False,True,False,False,False,True,False,False,False,False,False,False,False,False,True,False,False,0.49115533,1,0,ContractRisk,Medium (30-50%)
1,0,1,1,52,1,1,20.85,1071.6,0.3933962264150943,1,0,1,0,2,False,False,False,True,True,False,True,False,True,False,True,False,True,False,True,False,True,False,True,False,False,0.07473983,0,0,ChargesPerTenureMonth,Low (<30%)
1,1,1,0,70,1,0,90.05,6333.4,1.2683098591549296,8,0,1,1,1,False,True,False,False,False,True,False,True,False,True,False,True,False,True,False,True,False,True,True,False,False,0.07837563,0,0,ContractRisk,Low (<30%)
0,0,0,0,1,1,1,25.75,25.75,12.875,2,1,0,0,3,False,True,False,True,True,False,True,False,True,False,True,False,True,False,True,False,False,False,False,False,True,0.665905,1,0,ChargesPerTenureMonth,High (50-75%)
1,0,1,0,61,1,1,94.1,5638.3,1.5177419354838708,5,0,1,1,1,False,True,True,False,False,False,False,True,False,False,False,True,False,True,False,False,False,True,False,True,False,0.16998121,0,1,ContractRisk,Low (<30%)
1,0,1,1,19,1,1,100.95,1875.55,5.0475,5,0,0,0,2,False,True,True,False,False,False,False,False,False,False,False,True,False,True,False,True,True,False,False,True,False,0.57796854,1,1,ContractRisk,High (50-75%)
0,0,1,1,11,1,0,20.6,233.9,1.7166666666666668,1,0,0,0,2,False,False,False,True,True,False,True,False,True,False,True,False,True,False,True,False,True,False,False,False,True,0.0914219,0,0,ContractRisk,Low (<30%)
1,0,0,0,26,1,1,85.75,2146.5,3.175925925925926,3,0,0,0,3,False,False,True,False,False,False,False,True,False,False,False,False,False,True,False,False,False,False,False,True,False,0.75000393,1,0,ContractRisk,Critical (>75%)
0,0,0,0,60,1,0,19.85,1128.1,0.3254098360655738,1,0,1,0,1,False,False,False,True,True,False,True,False,True,False,True,False,True,False,True,False,False,True,False,False,False,0.051370934,0,0,ContractRisk,Low (<30%)
1,0,0,0,1,1,1,84.85,84.85,42.425,3,1,0,0,3,False,False,True,False,False,False,False,False,False,True,False,False,False,True,False,False,False,False,False,True,False,0.91624904,1,1,ChargesPerTenureMonth,Critical (>75%)
1,0,0,0,26,1,1,92.4,2349.8,3.4222222222222225,5,0,0,0,3,False,True,True,False,False,True,False,True,False,False,False,False,False,True,False,False,False,False,True,False,False,0.6244446,1,0,ContractRisk,High (50-75%)
1,1,0,0,24,1,1,80.5,2088.45,3.22,3,0,0,0,3,False,True,True,False,False,False,False,True,False,False,False,False,False,False,False,False,False,False,False,True,False,0.7672421,1,0,ContractRisk,Critical (>75%)
1,0,1,1,22,1,1,100.05,2090.25,4.35,5,0,0,0,2,False,False,True,False,False,False,False,True,False,True,False,False,False,True,False,True,True,False,False,False,True,0.5153962,1,0,ContractRisk,High (50-75%)
0,0,1,0,51,1,1,98.85,4947.55,1.9009615384615384,5,0,1,1,2,False,True,True,False,False,False,False,False,False,True,False,False,False,True,False,True,True,False,False,True,False,0.51449776,1,0,ContractRisk,High (50-75%)
1,1,1,0,61,1,1,85.55,5251.75,1.3798387096774194,4,0,1,1,2,False,True,True,False,False,False,False,True,False,False,False,True,False,False,False,False,True,False,False,False,False,0.15752275,0,0,ContractRisk,Low (<30%)
1,0,1,0,44,0,0,54.3,2390.45,1.2066666666666666,4,0,1,0,1,True,False,False,False,False,False,False,True,False,True,False,False,False,True,False,True,False,True,False,False,False,0.10979699,0,0,ContractRisk,Low (<30%)
0,0,1,1,0,1,0,80.85,0.0,80.85,6,1,0,0,1,False,False,False,False,False,True,False,True,False,True,False,False,False,True,False,True,False,True,False,False,True,0.13524106,0,0,ContractRisk,Low (<30%)
0,0,0,0,5,1,1,75.65,399.45,12.608333333333334,2,1,0,0,3,False,False,True,False,False,False,False,False,False,False,False,True,False,False,False,False,False,False,False,False,True,0.7765371,1,0,ChargesPerTenureMonth,Critical (>75%)
0,0,1,0,1,1,0,78.8,78.8,39.4,2,1,0,0,3,False,False,True,False,False,False,False,False,False,False,False,False,False,True,False,False,False,False,False,True,False,0.89644,1,1,ChargesPerTenureMonth,Critical (>75%)
1,0,0,0,26,1,0,61.55,1581.95,2.2796296296296297,4,0,0,0,2,False,True,False,False,False,True,False,True,False,False,False,False,False,False,False,False,True,False,False,True,False,0.21066411,0,0,ContractRisk,Low (<30%)
0,0,0,0,15,1,1,84.35,1302.65,5.271875,4,0,0,0,3,False,True,True,False,False,True,False,False,False,True,False,False,False,False,False,False,False,False,True,False,False,0.66176337,1,0,ContractRisk,High (50-75%)
1,0,1,0,4,1,1,80.35,307.4,16.07,2,1,0,0,3,False,False,True,False,False,False,False,False,False,False,False,False,False,True,False,False,False,False,False,True,False,0.8499068,1,1,ChargesPerTenureMonth,Critical (>75%)
1,0,1,0,12,1,1,84.6,959.9,6.507692307692308,4,0,0,0,3,False,False,True,False,False,True,False,True,False,True,False,False,False,False,False,False,False,False,False,True,False,0.7383159,1,0,ContractRisk,High (50-75%)
1,0,0,1,1,1,1,49.9,49.9,24.95,2,1,0,0,3,False,False,False,False,False,False,False,False,False,False,False,True,False,False,False,False,False,False,False,False,True,0.70319057,1,1,ChargesPerTenureMonth,High (50-75%)
1,0,1,1,22,1,1,57.95,1271.8,2.519565217391305,4,0,0,0,3,False,False,False,False,False,True,False,True,False,False,False,True,False,False,False,False,False,False,False,False,True,0.30249807,0,0,ContractRisk,Medium (30-50%)
1,0,1,0,49,0,0,49.65,2409.9,0.993,3,0,1,0,1,True,False,False,False,False,False,False,True,False,False,False,False,False,True,False,True,False,True,True,False,False,0.108056314,0,0,ContractRisk,Low (<30%)
1,0,0,0,13,1,0,19.75,265.75,1.4107142857142858,1,0,0,0,1,False,False,False,True,True,False,True,False,True,False,True,False,True,False,True,False,False,True,False,False,True,0.052952234,0,0,ContractRisk,Low (<30%)
0,0,1,0,66,1,1,90.55,6130.95,1.3514925373134328,5,0,1,1,2,False,True,True,False,False,False,False,True,False,True,False,True,False,False,False,False,True,False,False,False,False,0.15350269,0,0,ContractRisk,Low (<30%)
1,0,1,0,62,0,1,39.0,2337.45,0.6190476190476191,2,0,1,0,1,True,False,False,False,False,False,False,False,False,False,False,True,False,True,False,False,False,True,False,False,False,0.0905918,0,0,ContractRisk,Low (<30%)
1,0,1,1,66,1,1,63.3,4189.7,0.944776119402985,4,0,1,0,1,False,True,False,False,False,False,False,False,False,True,False,False,False,True,False,False,False,True,False,False,False,0.09659143,0,0,ContractRisk,Low (<30%)
0,0,0,0,3,0,0,35.2,108.95,8.8,1,1,0,0,3,True,False,False,False,False,False,False,False,False,False,False,False,False,True,False,False,False,False,True,False,False,0.627378,1,1,ContractRisk,High (50-75%)
1,0,0,0,63,1,0,68.8,4111.35,1.075,6,0,1,0,2,False,True,False,False,False,True,False,True,False,True,False,True,False,False,False,False,True,False,False,False,False,0.11773781,0,0,ContractRisk,Low (<30%)
1,0,1,1,15,1,0,19.35,278.85,1.209375,1,0,0,0,1,False,False,False,True,True,False,True,False,True,False,True,False,True,False,True,False,False,True,False,False,True,0.054391056,0,0,ContractRisk,Low (<30%)
0,0,1,0,43,1,1,94.1,4107.3,2.138636363636364,5,0,1,1,3,False,True,True,False,False,True,False,True,False,False,False,False,False,False,False,True,False,False,False,True,False,0.5884873,1,0,ContractRisk,High (50-75%)
1,1,0,0,65,1,1,109.05,7108.2,1.6522727272727271,7,0,1,1,1,False,True,True,False,False,True,False,False,False,True,False,True,False,True,False,True,False,True,False,True,False,0.32510918,0,0,ContractRisk,Medium (30-50%)
0,0,0,0,2,1,1,85.7,169.8,28.566666666666663,3,1,0,0,3,False,True,True,False,False,False,False,False,False,False,False,False,False,False,False,True,False,False,False,True,False,0.91566783,1,1,ChargesPerTenureMonth,Critical (>75%)
0,0,0,0,14,1,0,50.1,709.5,3.3400000000000003,2,0,0,0,3,False,False,False,False,False,True,False,False,False,False,False,False,False,False,False,False,False,False,False,False,False,0.3334242,0,0,ContractRisk,Medium (30-50%)
0,0,1,1,68,1,1,109.05,7508.55,1.5804347826086955,7,0,1,1,1,False,True,True,False,False,True,False,False,False,True,False,True,False,True,False,True,False,True,False,False,False,0.27199793,0,0,ContractRisk,Low (<30%)
1,0,0,0,20,1,1,19.6,356.15,0.9333333333333332,1,0,0,0,3,False,False,False,True,True,False,True,False,True,False,True,False,True,False,True,False,False,False,True,False,False,0.20209488,0,0,ChargesPerTenureMonth,Low (<30%)
0,0,1,1,57,1,0,65.2,3687.85,1.1241379310344828,5,0,1,0,3,False,True,False,False,False,True,False,True,False,False,False,True,False,False,False,False,False,False,False,False,False,0.19420938,0,0,ChargesPerTenureMonth,Low (<30%)
1,0,0,0,72,1,1,19.8,1468.75,0.2712328767123287,1,0,1,0,1,False,False,False,True,True,False,True,False,True,False,True,False,True,False,True,False,False,True,True,False,False,0.03690588,0,0,ContractRisk,Low (<30%)
1,0,0,0,6,1,1,84.4,556.35,12.05714285714286,3,1,0,0,3,False,False,True,False,False,False,False,True,False,False,False,False,False,False,False,True,False,False,False,True,False,0.8545896,1,1,ChargesPerTenureMonth,Critical (>75%)
1,0,0,0,53,1,1,73.9,3958.25,1.3685185185185187,6,0,1,1,1,False,True,False,False,False,False,False,True,False,True,False,True,False,False,False,True,False,True,False,False,False,0.07465656,0,0,ContractRisk,Low (<30%)
0,0,1,1,57,1,1,70.1,3913.3,1.2086206896551723,4,0,1,0,2,False,False,False,False,False,True,False,False,False,False,False,False,False,True,False,True,True,False,False,False,False,0.18926184,0,1,ChargesPerTenureMonth,Low (<30%)
1,0,0,0,1,1,1,20.1,20.1,10.05,1,1,0,0,3,False,False,False,True,True,False,True,False,True,False,True,False,True,False,True,False,False,False,False,False,True,0.6744244,1,1,ChargesPerTenureMonth,High (50-75%)
1,0,0,0,15,1,1,49.0,749.25,3.0625,2,0,0,0,3,False,True,False,False,False,False,False,False,False,False,False,False,False,False,False,False,False,False,False,True,False,0.59976286,1,0,ContractRisk,High (50-75%)
0,1,0,0,40,1,1,79.2,3233.85,1.931707317073171,3,0,1,1,3,False,False,True,False,False,True,False,True,False,False,False,False,False,False,False,False,False,False,True,False,False,0.53949046,1,1,ContractRisk,High (50-75%)
1,0,0,0,71,0,0,53.95,3888.65,0.7493055555555556,5,0,1,0,1,True,False,False,False,False,True,False,True,False,True,False,True,False,True,False,False,False,True,False,False,False,0.056060225,0,0,ContractRisk,Low (<30%)
0,1,1,0,13,0,0,45.3,528.45,3.2357142857142853,2,0,0,0,3,True,False,False,False,False,False,False,False,False,False,False,False,False,True,False,True,False,False,False,True,False,0.6795099,1,0,ContractRisk,High (50-75%)
0,0,1,0,72,1,1,91.15,6637.9,1.2486301369863015,8,0,1,1,1,False,True,False,False,False,True,False,True,False,True,False,True,False,True,False,True,False,True,False,False,False,0.04133869,0,0,ContractRisk,Low (<30%)
0,0,1,1,52,1,1,95.7,4976.15,1.8056603773584907,5,0,1,1,2,False,True,True,False,False,False,False,True,False,True,False,False,False,True,False,False,True,False,True,False,False,0.31025574,0,0,ContractRisk,Medium (30-50%)
0,0,1,0,63,1,1,81.15,5224.5,1.26796875,3,0,1,1,2,False,False,True,False,False,True,False,False,False,True,False,False,False,False,False,False,True,False,True,False,False,0.15723307,0,0,ContractRisk,Low (<30%)
1,0,0,0,29,1,0,19.1,529.5,0.6366666666666667,1,0,0,0,2,False,False,False,True,True,False,True,False,True,False,True,False,True,False,True,False,True,False,False,False,True,0.053172782,0,0,ContractRisk,Low (<30%)
0,0,0,0,29,1,0,100.55,2878.75,3.3516666666666666,5,0,0,0,3,False,True,True,False,False,False,False,False,False,True,False,False,False,True,False,True,False,False,False,False,False,0.6291033,1,0,ContractRisk,High (50-75%)
1,0,0,0,3,1,1,20.75,67.1,5.1875,1,1,0,0,3,False,False,False,True,True,False,True,False,True,False,True,False,True,False,True,False,False,False,True,False,False,0.3446055,0,0,ContractRisk,Medium (30-50%)
1,0,1,1,19,1,0,20.6,414.95,1.03,1,0,0,0,3,False,False,False,True,True,False,True,False,True,False,True,False,True,False,True,False,False,False,False,False,True,0.19182515,0,0,ChargesPerTenureMonth,Low (<30%)
1,0,1,1,61,1,1,99.9,6241.35,1.6112903225806452,5,0,1,1,2,False,True,True,False,False,False,False,False,False,True,False,False,False,True,False,True,True,False,False,True,False,0.457392,1,0,ContractRisk,Medium (30-50%)
0,0,0,0,10,1,0,54.25,583.0,4.931818181818182,3,0,0,0,3,False,False,False,False,False,False,False,False,False,True,False,True,False,False,False,False,False,False,False,True,False,0.4628124,1,0,ContractRisk,Medium (30-50%)
0,0,1,0,67,1,1,109.7,7344.45,1.613235294117647,7,0,1,1,2,False,True,True,False,False,False,False,True,False,True,False,True,False,True,False,True,True,False,True,False,False,0.43468812,0,0,ChargesPerTenureMonth,Medium (30-50%)
1,0,0,0,42,1,1,19.55,839.4,0.4546511627906976,1,0,1,0,2,False,False,False,True,True,False,True,False,True,False,True,False,True,False,True,False,True,False,False,False,True,0.05784635,0,0,ChargesPerTenureMonth,Low (<30%)
0,0,0,0,1,1,1,75.7,75.7,37.85,2,1,0,0,3,False,False,True,False,False,False,False,True,False,False,False,False,False,False,False,False,False,False,False,True,False,0.9180345,1,1,ChargesPerTenureMonth,Critical (>75%)
0,0,0,0,5,1,1,84.0,424.75,14.0,3,1,0,0,3,False,True,True,False,False,False,False,False,False,False,False,False,False,True,False,False,False,False,False,True,False,0.88912517,1,0,ChargesPerTenureMonth,Critical (>75%)
0,0,0,0,20,1,0,19.5,403.15,0.9285714285714286,1,0,0,0,2,False,False,False,True,True,False,True,False,True,False,True,False,True,False,True,False,True,False,False,False,True,0.06807452,0,0,ContractRisk,Low (<30%)
1,1,0,0,1,1,1,69.5,69.5,34.75,1,1,0,0,3,False,False,True,False,False,False,False,False,False,False,False,False,False,False,False,False,False,False,False,False,False,0.89890254,1,1,ChargesPerTenureMonth,Critical (>75%)
1,0,0,0,6,1,1,78.95,494.95,11.278571428571428,3,1,0,0,3,False,False,True,False,False,True,False,True,False,False,False,False,False,False,False,False,False,False,False,True,False,0.78304577,1,0,ContractRisk,Critical (>75%)
1,0,0,0,34,1,1,106.35,3549.25,3.0385714285714283,6,0,0,1,3,False,True,True,False,False,False,False,True,False,True,False,False,False,True,False,True,False,False,False,True,False,0.7714362,1,1,ContractRisk,Critical (>75%)
1,0,0,0,21,1,0,19.6,390.4,0.890909090909091,1,0,0,0,1,False,False,False,True,True,False,True,False,True,False,True,False,True,False,True,False,False,True,False,False,True,0.04552277,0,0,ContractRisk,Low (<30%)
1,0,0,0,46,1,0,108.65,4903.2,2.3117021276595744,7,0,1,1,1,False,True,True,False,False,False,False,True,False,True,False,True,False,True,False,True,False,True,False,True,False,0.4243656,0,0,ContractRisk,Medium (30-50%)
1,0,1,1,34,1,1,97.7,3410.0,2.791428571428572,5,0,0,1,3,False,True,True,False,False,False,False,True,False,False,False,False,False,True,False,True,False,False,False,False,False,0.6949536,1,0,ContractRisk,High (50-75%)
1,0,0,1,29,0,1,45.0,1242.45,1.5,4,0,0,0,3,True,False,False,False,False,True,False,True,False,True,False,True,False,False,False,False,False,False,False,False,True,0.25692427,0,0,ChargesPerTenureMonth,Low (<30%)
1,0,1,1,27,1,1,80.65,2209.75,2.880357142857143,3,0,0,0,2,False,False,True,False,False,True,False,True,False,False,False,False,False,False,False,False,True,False,True,False,False,0.20785248,0,0,ContractRisk,Low (<30%)
0,0,1,1,72,1,0,89.8,6510.45,1.2301369863013698,8,0,1,1,1,False,True,False,False,False,True,False,True,False,True,False,True,False,True,False,True,False,True,True,False,False,0.035362396,0,0,ContractRisk,Low (<30%)
0,0,0,0,42,1,0,54.55,2455.05,1.2686046511627906,3,0,1,0,3,False,False,False,False,False,True,False,False,False,True,False,False,False,False,False,False,False,False,True,False,False,0.28481117,0,0,ChargesPerTenureMonth,Low (<30%)
0,1,0,0,27,1,1,78.05,2135.5,2.7875,3,0,0,0,3,False,True,True,False,False,False,False,False,False,True,False,False,False,False,False,False,False,False,False,True,False,0.7490389,1,1,ContractRisk,High (50-75%)
1,0,1,0,66,1,1,66.1,4428.45,0.9865671641791044,5,0,1,0,1,False,True,False,False,False,True,False,True,False,True,False,False,False,False,False,False,False,True,True,False,False,0.07539807,0,0,ContractRisk,Low (<30%)
0,0,0,0,2,1,1,75.55,166.3,25.183333333333334,2,1,0,0,3,False,True,True,False,False,False,False,False,False,False,False,False,False,False,False,False,False,False,False,True,False,0.86522526,1,1,ChargesPerTenureMonth,Critical (>75%)
1,0,0,0,32,1,1,96.2,3183.4,2.915151515151515,4,0,0,1,3,False,False,True,False,False,False,False,False,False,False,False,True,False,True,False,True,False,False,False,True,False,0.6655136,1,1,ContractRisk,High (50-75%)
1,1,0,0,14,1,1,74.95,1036.75,4.996666666666667,2,0,0,0,3,False,True,True,False,False,False,False,False,False,False,False,False,False,False,False,False,False,False,False,True,False,0.8062891,1,1,ContractRisk,Critical (>75%)
1,0,0,0,19,1,0,89.95,1682.4,4.4975000000000005,4,0,0,0,3,False,False,True,False,False,False,False,False,False,True,False,True,False,True,False,False,False,False,False,False,True,0.5973937,1,0,ContractRisk,High (50-75%)
1,0,0,1,48,1,1,64.4,3035.35,1.3142857142857145,5,0,1,0,2,False,True,False,False,False,True,False,True,False,True,False,False,False,False,False,False,True,False,False,False,False,0.13655205,0,0,ContractRisk,Low (<30%)
1,0,0,0,4,1,1,73.9,280.85,14.78,2,1,0,0,3,False,False,True,False,False,False,False,False,False,True,False,False,False,False,False,False,False,False,False,True,False,0.82379574,1,1,ContractRisk,Critical (>75%)
1,1,1,0,57,1,1,89.85,4925.35,1.5491379310344826,4,0,1,1,3,False,True,True,False,False,False,False,True,False,False,False,False,False,False,False,True,False,False,False,True,False,0.60654706,1,0,ChargesPerTenureMonth,High (50-75%)
1,0,1,1,58,1,1,75.2,4300.8,1.2745762711864408,5,0,1,1,2,False,False,False,False,False,False,False,True,False,False,False,True,False,True,False,True,True,False,True,False,False,0.20551887,0,0,ChargesPerTenureMonth,Low (<30%)
0,1,1,0,56,1,1,68.45,4014.0,1.2008771929824562,6,0,1,0,2,False,True,False,False,False,True,False,True,False,True,False,True,False,False,False,False,True,False,True,False,False,0.13953216,0,0,ContractRisk,Low (<30%)
0,0,1,1,69,1,0,19.75,1375.4,0.2821428571428571,1,0,1,0,1,False,False,False,True,True,False,True,False,True,False,True,False,True,False,True,False,False,True,False,False,False,0.045891363,0,0,ContractRisk,Low (<30%)
1,0,1,1,10,0,0,53.7,521.0,4.881818181818182,5,0,0,0,1,True,False,False,False,False,True,False,True,False,True,False,True,False,False,False,True,False,True,True,False,False,0.089640796,0,0,ContractRisk,Low (<30%)
0,0,1,1,3,1,1,80.0,241.3,20.0,3,1,0,0,3,False,False,True,False,False,False,False,True,False,False,False,True,False,False,False,False,False,False,False,True,False,0.81695896,1,0,ChargesPerTenureMonth,Critical (>75%)
1,0,0,0,35,1,0,26.2,954.9,0.7277777777777777,2,0,0,0,2,False,True,False,True,True,False,True,False,True,False,True,False,True,False,True,False,True,False,False,False,False,0.1024092,0,0,ContractRisk,Low (<30%)
0,0,1,1,11,1,1,19.25,180.3,1.6041666666666667,1,0,0,0,3,False,False,False,True,True,False,True,False,True,False,True,False,True,False,True,False,False,False,False,False,True,0.2078921,0,1,ChargesPerTenureMonth,Low (<30%)
1,0,1,0,56,1,1,100.55,5514.95,1.7640350877192983,5,0,1,1,2,False,True,True,False,False,True,False,False,False,False,False,False,False,True,False,True,True,False,False,True,False,0.50602496,1,0,ContractRisk,High (50-75%)
1,0,1,1,51,1,1,24.95,1222.25,0.4798076923076922,2,0,1,0,1,False,True,False,True,True,False,True,False,True,False,True,False,True,False,True,False,False,True,False,False,True,0.046951834,0,0,ContractRisk,Low (<30%)
1,1,0,0,36,1,1,90.85,3186.7,2.455405405405405,4,0,0,1,3,False,True,True,False,False,True,False,False,False,False,False,False,False,True,False,False,False,False,False,True,False,0.69393104,1,1,ContractRisk,High (50-75%)
1,0,0,1,5,1,0,20.45,106.9,3.408333333333333,1,1,0,0,1,False,False,False,True,True,False,True,False,True,False,True,False,True,False,True,False,False,True,False,False,True,0.061509576,0,0,ContractRisk,Low (<30%)
1,0,1,1,1,1,0,20.4,20.4,10.2,1,1,0,0,2,False,False,False,True,True,False,True,False,True,False,True,False,True,False,True,False,True,False,False,False,True,0.15459138,0,0,ContractRisk,Low (<30%)
1,1,1,0,7,1,1,74.4,527.9,9.3,2,0,0,0,3,False,True,True,False,False,False,False,False,False,False,False,False,False,False,False,False,False,False,False,False,True,0.8186506,1,1,ContractRisk,Critical (>75%)
1,0,1,0,69,1,1,53.65,3804.4,0.7664285714285715,3,0,1,0,2,False,False,False,False,False,True,False,True,False,False,False,False,False,False,False,False,True,False,True,False,False,0.107148096,0,0,ChargesPerTenureMonth,Low (<30%)
1,0,1,1,22,1,1,67.5,1544.05,2.9347826086956523,5,0,0,0,2,False,False,False,False,False,True,False,False,False,True,False,True,False,True,False,False,True,False,False,False,False,0.20437998,0,1,ContractRisk,Low (<30%)
0,0,0,0,63,1,0,24.2,1618.2,0.378125,2,0,1,0,1,False,True,False,True,True,False,True,False,True,False,True,False,True,False,True,False,False,True,False,False,True,0.040099993,0,0,ContractRisk,Low (<30%)
0,0,1,1,55,1,1,75.75,4264.25,1.3526785714285714,6,0,1,1,2,False,True,False,False,False,True,False,True,False,False,False,True,False,False,False,True,True,False,False,False,False,0.16349272,0,0,ChargesPerTenureMonth,Low (<30%)
0,0,0,0,3,1,0,57.55,161.45,14.3875,3,1,0,0,3,False,False,False,False,False,False,False,False,False,True,False,False,False,True,False,False,False,False,False,True,False,0.65828484,1,0,ChargesPerTenureMonth,High (50-75%)
1,0,1,1,67,1,0,81.35,5398.6,1.196323529411765,6,0,1,1,1,False,False,False,False,False,True,False,True,False,True,False,False,False,True,False,True,False,True,True,False,False,0.0927532,0,0,ContractRisk,Low (<30%)
0,0,0,0,3,0,0,25.25,58.9,6.3125,0,1,0,0,3,True,False,False,False,False,False,False,False,False,False,False,False,False,False,False,False,False,False,False,True,False,0.62535965,1,1,ContractRisk,High (50-75%)
1,0,0,0,1,1,0,19.75,19.75,9.875,1,1,0,0,3,False,False,False,True,True,False,True,False,True,False,True,False,True,False,True,False,False,False,False,False,True,0.56212145,1,0,ChargesPerTenureMonth,High (50-75%)
1,0,0,0,16,1,1,89.05,1448.6,5.238235294117647,4,0,0,0,3,False,True,True,False,False,False,False,False,False,False,False,True,False,False,False,True,False,False,True,False,False,0.6638158,1,1,ContractRisk,High (50-75%)
1,0,0,1,62,1,1,104.05,6590.5,1.6515873015873015,6,0,1,1,1,False,True,True,False,False,False,False,False,False,True,False,True,False,True,False,True,False,True,False,True,False,0.27846104,0,0,ContractRisk,Low (<30%)
0,0,0,0,8,1,1,65.5,573.15,7.277777777777778,5,0,0,0,3,False,True,False,False,False,True,False,True,False,True,False,False,False,False,False,False,False,False,False,False,False,0.4407381,0,0,ContractRisk,Medium (30-50%)
1,0,0,1,9,1,0,20.1,190.25,2.01,1,0,0,0,2,False,False,False,True,True,False,True,False,True,False,True,False,True,False,True,False,True,False,False,False,True,0.083279885,0,0,ContractRisk,Low (<30%)
0,0,1,0,6,1,0,19.5,146.3,2.7857142857142856,1,1,0,0,3,False,False,False,True,True,False,True,False,True,False,True,False,True,False,True,False,False,False,False,False,False,0.27256092,0,1,ContractRisk,Low (<30%)
0,0,0,0,28,1,0,59.0,1654.45,2.034482758620689,4,0,0,0,2,False,True,False,False,False,True,False,False,False,True,False,False,False,False,False,False,True,False,False,False,True,0.12954022,0,0,ContractRisk,Low (<30%)
1,0,0,0,26,1,0,19.4,525.55,0.7185185185185184,1,0,0,0,2,False,False,False,True,True,False,True,False,True,False,True,False,True,False,True,False,True,False,False,False,True,0.05998925,0,0,ContractRisk,Low (<30%)
1,0,1,1,38,1,1,101.15,3956.7,2.593589743589744,5,0,1,1,3,False,True,True,False,False,False,False,False,False,True,False,False,False,True,False,True,False,False,True,False,False,0.6902718,1,0,ContractRisk,High (50-75%)
0,0,0,0,18,1,1,50.3,913.3,2.647368421052632,2,0,0,0,3,False,True,False,False,False,False,False,False,False,False,False,False,False,False,False,False,False,False,False,True,False,0.5860418,1,0,ContractRisk,High (50-75%)
0,0,1,1,3,0,1,31.0,95.05,7.75,1,1,0,0,3,True,False,False,False,False,False,False,False,False,False,False,True,False,False,False,False,False,False,False,False,True,0.65648615,1,1,ContractRisk,High (50-75%)
1,0,1,0,3,0,0,25.0,78.25,6.25,0,1,0,0,3,True,False,False,False,False,False,False,False,False,False,False,False,False,False,False,False,False,False,False,False,True,0.5082614,1,0,ContractRisk,High (50-75%)
1,0,1,0,70,1,0,72.95,5265.55,1.0274647887323944,6,0,1,1,1,False,True,False,False,False,False,False,True,False,True,False,True,False,True,False,False,False,True,False,False,False,0.09998437,0,0,ContractRisk,Low (<30%)
1,0,1,1,67,1,1,69.35,4653.25,1.0198529411764703,6,0,1,0,2,False,True,False,False,False,True,False,True,False,True,False,True,False,False,False,False,True,False,True,False,False,0.12617837,0,0,ContractRisk,Low (<30%)
1,0,0,1,71,1,0,24.35,1654.6,0.3381944444444444,2,0,1,0,1,False,True,False,True,True,False,True,False,True,False,True,False,True,False,True,False,False,True,False,False,True,0.036897264,0,0,ContractRisk,Low (<30%)
1,0,0,1,16,1,1,69.1,1083.7,4.064705882352941,5,0,0,0,3,False,True,False,False,False,True,False,True,False,False,False,False,False,False,False,True,False,False,False,True,False,0.5415714,1,0,ContractRisk,High (50-75%)
0,0,1,1,10,1,1,65.5,616.9,5.954545454545454,4,0,0,0,3,False,False,False,False,False,False,False,True,False,False,False,True,False,False,False,True,False,False,False,True,False,0.52042466,1,0,ContractRisk,High (50-75%)
1,0,0,0,1,1,1,90.85,90.85,45.425,4,1,0,0,3,False,True,True,False,False,False,False,True,False,False,False,False,False,False,False,True,False,False,True,False,False,0.92027134,1,1,ChargesPerTenureMonth,Critical (>75%)
1,0,1,1,12,1,1,56.3,628.65,4.330769230769231,2,0,0,0,3,False,False,False,False,False,False,False,False,False,False,False,False,False,True,False,False,False,False,False,False,True,0.4559267,1,0,ContractRisk,Medium (30-50%)
0,0,0,0,5,1,0,53.85,259.8,8.975,3,1,0,0,3,False,False,False,False,False,True,False,False,False,False,False,True,False,False,False,False,False,False,True,False,False,0.5170432,1,1,ChargesPerTenureMonth,High (50-75%)
0,1,1,0,40,1,1,99.2,4062.2,2.419512195121951,5,0,1,1,2,False,False,True,False,False,False,False,True,False,False,False,True,False,True,False,True,True,False,True,False,False,0.44859433,0,1,ContractRisk,Medium (30-50%)
1,1,1,0,21,1,1,64.95,1339.8,2.952272727272728,4,0,0,0,3,False,False,False,False,False,True,False,True,False,False,False,False,False,False,False,True,False,False,False,False,False,0.40369123,0,0,ContractRisk,Medium (30-50%)
1,0,0,0,9,1,1,68.25,576.95,6.825,5,0,0,0,3,False,False,False,False,False,True,False,False,False,True,False,True,False,False,False,True,False,False,False,False,False,0.34191158,0,0,InternetService_Fiber optic,Medium (30-50%)
0,0,1,0,7,1,1,50.3,355.1,6.2875,2,0,0,0,3,False,False,False,False,False,True,False,False,False,False,False,False,False,False,False,False,False,False,False,False,False,0.41502088,0,0,ContractRisk,Medium (30-50%)
0,0,0,0,38,1,0,20.05,678.2,0.5141025641025642,1,0,1,0,2,False,False,False,True,True,False,True,False,True,False,True,False,True,False,True,False,True,False,False,False,True,0.051739056,0,0,ChargesPerTenureMonth,Low (<30%)
1,0,0,0,1,1,1,50.5,50.5,25.25,2,1,0,0,3,False,False,False,False,False,False,False,False,False,True,False,False,False,False,False,False,False,False,False,True,False,0.80379814,1,1,ChargesPerTenureMonth,Critical (>75%)
1,0,0,0,7,1,1,74.9,490.55,9.3625,2,0,0,0,3,False,False,True,False,False,False,False,False,False,True,False,False,False,False,False,False,False,False,False,True,False,0.80725354,1,0,ContractRisk,Critical (>75%)
0,0,0,0,2,1,1,70.95,137.95,23.65,1,1,0,0,3,False,False,True,False,False,False,False,False,False,False,False,False,False,False,False,False,False,False,False,True,False,0.82379574,1,1,ChargesPerTenureMonth,Critical (>75%)
0,0,0,0,56,1,1,19.55,1080.55,0.3429824561403509,1,0,1,0,1,False,False,False,True,True,False,True,False,True,False,True,False,True,False,True,False,False,True,False,False,False,0.06183823,0,0,ContractRisk,Low (<30%)
0,0,1,0,6,1,0,50.35,314.55,7.192857142857143,2,1,0,0,3,False,True,False,False,False,False,False,False,False,False,False,False,False,False,False,False,False,False,False,True,False,0.58143324,1,0,ContractRisk,High (50-75%)
0,0,0,0,63,1,0,58.55,3503.5,0.91484375,3,0,1,0,2,False,False,False,False,False,False,False,False,False,True,False,False,False,False,False,True,True,False,True,False,False,0.15616974,0,0,ChargesPerTenureMonth,Low (<30%)
0,0,0,0,64,1,1,110.5,7069.25,1.7,7,0,1,1,1,False,True,True,False,False,False,False,True,False,True,False,True,False,True,False,True,False,True,True,False,False,0.27868986,0,0,ContractRisk,Low (<30%)
1,0,1,0,29,0,1,45.9,1332.4,1.53,2,0,0,0,3,True,False,False,False,False,False,False,False,False,False,False,False,False,True,False,True,False,False,False,True,False,0.55597097,1,0,ChargesPerTenureMonth,High (50-75%)
1,0,0,0,32,1,1,85.65,2664.3,2.5954545454545457,3,0,0,1,3,False,True,True,False,False,False,False,False,False,False,False,False,False,False,False,True,False,False,False,False,False,0.62677854,1,0,ContractRisk,High (50-75%)
0,1,0,0,2,1,1,84.05,186.05,28.016666666666666,3,1,0,0,3,False,True,True,False,False,False,False,False,False,False,False,False,False,False,False,True,False,False,False,True,False,0.9165556,1,0,ChargesPerTenureMonth,Critical (>75%)
1,0,1,0,60,1,1,94.4,5610.25,1.5475409836065577,4,0,1,1,2,False,False,True,False,False,False,False,True,False,False,False,False,False,True,False,True,True,False,False,True,False,0.46273646,1,1,ContractRisk,Medium (30-50%)
1,0,0,0,22,1,0,65.05,1427.55,2.8282608695652174,5,0,0,0,3,False,True,False,False,False,True,False,True,False,True,False,False,False,False,False,False,False,False,False,False,True,0.26820657,0,0,ContractRisk,Low (<30%)
1,0,0,0,11,0,1,35.65,425.1,2.970833333333333,2,0,0,0,3,True,False,False,False,False,False,False,True,False,False,False,True,False,False,False,False,False,False,False,True,False,0.6102963,1,0,ContractRisk,High (50-75%)
1,1,1,0,57,1,1,90.65,5199.8,1.5629310344827587,4,0,1,1,2,False,False,True,False,False,False,False,True,False,True,False,False,False,True,False,False,True,False,False,True,False,0.3841181,0,0,ContractRisk,Medium (30-50%)
1,0,0,0,1,1,1,44.15,44.15,22.075,1,1,0,0,3,False,False,False,False,False,False,False,False,False,False,False,False,False,False,False,False,False,False,False,False,True,0.737494,1,1,ChargesPerTenureMonth,High (50-75%)
0,0,0,0,62,1,1,19.2,1123.65,0.3047619047619047,1,0,1,0,1,False,False,False,True,True,False,True,False,True,False,True,False,True,False,True,False,False,True,True,False,False,0.045526907,0,0,ContractRisk,Low (<30%)
0,0,1,0,47,1,1,98.75,4533.7,2.0572916666666665,6,0,1,1,3,False,True,True,False,False,True,False,True,False,True,False,False,False,True,False,False,False,False,False,True,False,0.65440077,1,1,ContractRisk,High (50-75%)
0,0,1,1,61,1,0,88.1,5526.75,1.4209677419354838,8,0,1,1,1,False,True,False,False,False,True,False,True,False,True,False,True,False,True,False,True,False,True,False,False,True,0.04717956,0,0,ContractRisk,Low (<30%)
0,0,0,0,3,1,1,70.15,194.2,17.5375,1,1,0,0,3,False,False,True,False,False,False,False,False,False,False,False,False,False,False,False,False,False,False,False,True,False,0.82379574,1,0,ChargesPerTenureMonth,Critical (>75%)
1,0,1,1,64,1,0,81.05,5135.35,1.2469230769230768,3,0,1,1,3,False,False,True,False,False,True,False,True,False,False,False,False,False,False,False,False,False,False,False,True,False,0.3923897,0,0,ChargesPerTenureMonth,Medium (30-50%)
0,0,1,1,6,1,1,94.05,518.75,13.435714285714283,5,1,0,0,3,False,True,True,False,False,False,False,True,False,True,False,False,False,True,False,False,False,False,False,False,True,0.8932513,1,0,ChargesPerTenureMonth,Critical (>75%)
0,0,1,1,56,1,0,20.05,1090.1,0.3517543859649123,1,0,1,0,1,False,False,False,True,True,False,True,False,True,False,True,False,True,False,True,False,False,True,False,False,True,0.05142662,0,0,ContractRisk,Low (<30%)
0,0,1,1,27,1,0,49.85,1336.15,1.780357142857143,2,0,0,0,3,False,False,False,False,False,False,False,True,False,False,False,False,False,False,False,False,False,False,False,False,True,0.25106707,0,0,ContractRisk,Low (<30%)
0,0,1,0,46,0,0,45.55,2062.15,0.9691489361702128,3,0,1,0,3,True,False,False,False,False,True,False,True,False,False,False,False,False,True,False,False,False,False,False,True,False,0.3728556,0,0,ChargesPerTenureMonth,Medium (30-50%)
1,1,0,0,1,1,0,45.1,45.1,22.55,1,1,0,0,3,False,False,False,False,False,False,False,False,False,False,False,False,False,False,False,False,False,False,False,True,False,0.7688763,1,1,ChargesPerTenureMonth,Critical (>75%)
1,0,0,0,11,1,0,20.4,231.45,1.7,1,0,0,0,1,False,False,False,True,True,False,True,False,True,False,True,False,True,False,True,False,False,True,False,False,True,0.047346257,0,0,ContractRisk,Low (<30%)
1,0,1,0,32,1,1,98.85,3145.9,2.995454545454545,5,0,0,1,3,False,True,True,False,False,False,False,True,False,False,False,False,False,True,False,True,False,False,True,False,False,0.6957717,1,0,ContractRisk,High (50-75%)
1,0,0,0,4,1,0,77.85,299.2,15.57,2,1,0,0,3,False,False,True,False,False,False,False,False,False,False,False,False,False,True,False,False,False,False,False,True,False,0.8073049,1,1,ChargesPerTenureMonth,Critical (>75%)
1,0,0,0,24,1,1,55.65,1400.55,2.226,3,0,0,0,3,False,True,False,False,False,True,False,False,False,False,False,False,False,False,False,False,False,False,False,False,False,0.33330625,0,1,ContractRisk,Medium (30-50%)
1,0,0,0,35,1,1,108.95,4025.5,3.026388888888889,7,0,0,1,1,False,True,True,False,False,True,False,False,False,True,False,True,False,True,False,True,False,True,False,True,False,0.40059635,0,0,ContractRisk,Medium (30-50%)
0,0,0,1,46,1,1,105.2,4822.85,2.238297872340425,6,0,1,1,2,False,False,True,False,False,True,False,True,False,False,False,True,False,True,False,True,True,False,False,False,False,0.3747176,0,1,ContractRisk,Medium (30-50%)
1,0,1,1,1,1,1,70.0,70.0,35.0,1,1,0,0,3,False,False,True,False,False,False,False,False,False,False,False,False,False,False,False,False,False,False,False,True,False,0.91034627,1,1,ChargesPerTenureMonth,Critical (>75%)
0,0,1,0,72,1,1,110.15,7881.2,1.5089041095890412,7,0,1,1,1,False,True,True,False,False,True,False,False,False,True,False,True,False,True,False,True,False,True,True,False,False,0.10075575,0,0,ContractRisk,Low (<30%)
0,1,1,0,63,1,1,103.5,6479.4,1.6171875,6,0,1,1,3,False,True,True,False,False,False,False,True,False,True,False,False,False,True,False,True,False,False,False,True,False,0.6303095,1,0,ChargesPerTenureMonth,High (50-75%)
0,0,1,0,21,1,1,86.5,1808.7,3.9318181818181817,3,0,0,0,3,False,True,True,False,False,False,False,False,False,False,False,False,False,False,False,True,False,False,False,True,False,0.7556557,1,1,ContractRisk,Critical (>75%)
1,0,1,1,37,0,1,40.2,1525.35,1.0578947368421054,3,0,1,0,2,True,False,False,False,False,True,False,False,False,True,False,True,False,False,False,False,True,False,False,True,False,0.19201888,0,0,ContractRisk,Low (<30%)
1,0,0,0,55,1,1,100.9,5552.05,1.8017857142857143,5,0,1,1,2,False,False,True,False,False,True,False,True,False,False,False,False,False,True,False,True,True,False,False,False,True,0.3957894,0,0,ContractRisk,Medium (30-50%)
1,0,1,0,14,1,1,66.6,979.5,4.44,4,0,0,0,3,False,True,False,False,False,False,False,False,False,False,False,True,False,True,False,False,False,False,True,False,False,0.4314839,0,0,ContractRisk,Medium (30-50%)
1,0,1,1,53,1,0,71.85,3827.9,1.3305555555555555,5,0,1,1,3,False,True,False,False,False,True,False,False,False,False,False,True,False,False,False,True,False,False,False,True,False,0.22232254,0,0,ChargesPerTenureMonth,Low (<30%)
0,0,1,1,50,1,1,84.15,4164.4,1.65,7,0,1,1,2,False,True,False,False,False,False,False,True,False,True,False,True,False,True,False,True,True,False,True,False,False,0.24964228,0,0,ChargesPerTenureMonth,Low (<30%)
1,1,1,0,38,1,1,102.6,4009.2,2.6307692307692307,6,0,1,1,3,False,True,True,False,False,False,False,True,False,True,False,False,False,True,False,True,False,False,False,True,False,0.784021,1,0,ContractRisk,Critical (>75%)
0,1,0,0,30,1,1,99.7,2967.35,3.2161290322580647,5,0,0,1,3,False,True,True,False,False,False,False,True,False,False,False,False,False,True,False,True,False,False,False,True,False,0.79037255,1,1,ContractRisk,Critical (>75%)
0,0,0,0,28,1,1,59.9,1654.7,2.06551724137931,4,0,0,0,2,False,False,False,False,False,True,False,True,False,False,False,True,False,False,False,False,True,False,False,True,False,0.22446416,0,0,ContractRisk,Low (<30%)
1,1,1,0,46,0,1,59.9,2816.65,1.274468085106383,5,0,1,0,2,True,False,False,False,False,False,False,True,False,True,False,True,False,True,False,True,True,False,False,False,False,0.26241425,0,1,ChargesPerTenureMonth,Low (<30%)
0,0,0,0,67,1,0,20.55,1343.4,0.3022058823529412,1,0,1,0,2,False,False,False,True,True,False,True,False,True,False,True,False,True,False,True,False,True,False,False,True,False,0.08955457,0,0,ChargesPerTenureMonth,Low (<30%)
0,0,0,0,1,1,0,45.95,45.95,22.975,1,1,0,0,3,False,False,False,False,False,False,False,False,False,False,False,False,False,False,False,False,False,False,False,False,True,0.6983212,1,1,ChargesPerTenureMonth,High (50-75%)
1,0,1,0,50,1,0,19.8,1013.2,0.388235294117647,1,0,1,0,1,False,False,False,True,True,False,True,False,True,False,True,False,True,False,True,False,False,True,False,True,False,0.10007744,0,0,ContractRisk,Low (<30%)
0,0,1,0,56,1,1,98.0,5270.6,1.719298245614035,5,0,1,1,2,False,True,True,False,False,True,False,False,False,False,False,False,False,True,False,True,True,False,False,True,False,0.46166387,1,0,ContractRisk,Medium (30-50%)
1,0,0,0,1,1,0,19.95,19.95,9.975,1,1,0,0,3,False,False,False,True,True,False,True,False,True,False,True,False,True,False,True,False,False,False,False,False,True,0.60258347,1,0,ChargesPerTenureMonth,High (50-75%)
1,0,1,0,3,0,0,35.1,101.1,8.775,2,1,0,0,3,True,False,False,False,False,True,False,False,False,False,False,True,False,False,False,False,False,False,False,False,True,0.564843,1,0,ContractRisk,High (50-75%)
0,0,1,0,72,1,1,109.55,8165.1,1.5006849315068491,7,0,1,1,1,False,True,True,False,False,True,False,True,False,True,False,False,False,True,False,True,False,True,False,True,False,0.11084805,0,0,ContractRisk,Low (<30%)
0,0,0,0,48,1,1,60.35,2896.4,1.2316326530612245,4,0,1,0,2,False,False,False,False,False,True,False,False,False,True,False,True,False,False,False,False,True,False,True,False,False,0.12187976,0,1,ContractRisk,Low (<30%)
1,0,0,0,9,0,0,39.55,373.0,3.955,3,0,0,0,2,True,False,False,False,False,True,False,True,False,True,False,False,False,False,False,False,True,False,False,False,True,0.13207962,0,0,ContractRisk,Low (<30%)
1,0,0,0,19,1,0,69.6,1394.55,3.4799999999999995,4,0,0,0,3,False,True,False,False,False,False,False,False,False,False,False,False,False,True,False,True,False,False,False,False,True,0.317458,0,0,InternetService_Fiber optic,Medium (30-50%)
1,0,1,1,46,1,0,81.0,3846.35,1.7234042553191489,6,0,1,1,1,False,False,False,False,False,True,False,False,False,True,False,True,False,True,False,True,False,True,False,False,True,0.075915895,0,0,ContractRisk,Low (<30%)
1,0,1,0,56,1,1,107.25,6033.3,1.881578947368421,6,0,1,1,2,False,True,True,False,False,False,False,True,False,False,False,True,False,True,False,True,True,False,False,True,False,0.55206966,1,0,ContractRisk,High (50-75%)
1,0,0,0,35,1,0,83.15,2848.45,2.3097222222222222,3,0,0,1,3,False,True,True,False,False,False,False,False,False,False,False,False,False,True,False,False,False,False,False,True,False,0.63461906,1,0,ContractRisk,High (50-75%)
0,0,0,0,25,1,0,19.8,475.2,0.7615384615384616,1,0,0,0,1,False,False,False,True,True,False,True,False,True,False,True,False,True,False,True,False,False,True,True,False,False,0.057176813,0,0,ContractRisk,Low (<30%)
0,0,0,0,21,1,1,68.65,1493.2,3.1204545454545456,1,0,0,0,3,False,False,True,False,False,False,False,False,False,False,False,False,False,False,False,False,False,False,False,True,False,0.7123767,1,0,ContractRisk,High (50-75%)
1,0,1,1,71,1,0,25.35,1847.55,0.3520833333333333,2,0,1,0,1,False,True,False,True,True,False,True,False,True,False,True,False,True,False,True,False,False,True,True,False,False,0.040185172,0,0,ContractRisk,Low (<30%)
0,0,1,0,1,1,1,79.35,79.35,39.675,2,1,0,0,3,False,False,True,False,False,False,False,False,False,False,False,False,False,True,False,False,False,False,False,False,False,0.9056743,1,1,ChargesPerTenureMonth,Critical (>75%)
0,0,0,0,62,1,0,84.5,5193.2,1.3412698412698412,7,0,1,1,1,False,True,False,False,False,False,False,True,False,True,False,True,False,True,False,True,False,True,False,False,False,0.07920893,0,0,ContractRisk,Low (<30%)
1,0,1,1,53,1,1,78.75,3942.45,1.4583333333333333,6,0,1,1,2,False,True,False,False,False,False,False,False,False,True,False,True,False,True,False,True,True,False,False,False,True,0.24192609,0,0,ChargesPerTenureMonth,Low (<30%)
0,0,0,0,2,1,1,74.9,136.05,24.96666666666667,2,1,0,0,3,False,True,True,False,False,False,False,False,False,False,False,False,False,False,False,False,False,False,False,False,True,0.85008687,1,0,ChargesPerTenureMonth,Critical (>75%)
1,1,1,0,72,1,1,93.05,6735.05,1.2746575342465754,6,0,1,1,1,False,True,True,False,False,True,False,True,False,True,False,True,False,False,False,False,False,True,False,False,False,0.0627466,0,0,ContractRisk,Low (<30%)
0,0,1,0,24,1,1,79.65,1928.7,3.1860000000000004,3,0,0,0,3,False,True,True,False,False,False,False,False,False,True,False,False,False,False,False,False,False,False,False,False,True,0.6449513,1,0,ContractRisk,High (50-75%)
1,0,0,0,41,1,1,55.7,2237.55,1.3261904761904764,3,0,1,0,3,False,True,False,False,False,False,False,False,False,True,False,False,False,False,False,False,False,False,False,False,False,0.3329856,0,0,ChargesPerTenureMonth,Medium (30-50%)
0,0,0,1,2,1,1,94.2,193.8,31.4,4,1,0,0,3,False,True,True,False,False,False,False,False,False,False,False,False,False,True,False,True,False,False,False,False,False,0.90905,1,1,ChargesPerTenureMonth,Critical (>75%)
1,0,0,0,2,1,1,67.75,116.65,22.58333333333333,1,1,0,0,3,False,False,True,False,False,False,False,False,False,False,False,False,False,False,False,False,False,False,False,True,False,0.799575,1,1,ContractRisk,Critical (>75%)
1,1,1,0,27,1,1,95.55,2510.2,3.4125,5,0,0,0,3,False,True,True,False,False,False,False,True,False,True,False,False,False,False,False,True,False,False,False,True,False,0.7657777,1,1,ContractRisk,Critical (>75%)
1,1,1,0,53,1,1,101.9,5549.4,1.887037037037037,5,0,1,1,3,False,True,True,False,False,False,False,True,False,False,False,False,False,True,False,True,False,False,False,True,False,0.747706,1,1,ContractRisk,High (50-75%)
0,0,0,0,34,1,1,64.4,2088.75,1.84,5,0,0,0,2,False,True,False,False,False,True,False,True,False,False,False,True,False,False,False,False,True,False,False,False,True,0.13633364,0,1,ContractRisk,Low (<30%)
1,0,0,0,1,1,1,85.0,85.0,42.5,3,1,0,0,3,False,False,True,False,False,False,False,True,False,False,False,False,False,False,False,True,False,False,False,True,False,0.91551465,1,0,ChargesPerTenureMonth,Critical (>75%)
0,0,1,1,48,1,0,19.55,883.35,0.3989795918367347,1,0,1,0,1,False,False,False,True,True,False,True,False,True,False,True,False,True,False,True,False,False,True,False,False,True,0.045630764,0,0,ContractRisk,Low (<30%)
0,1,0,0,3,1,1,75.05,256.25,18.7625,2,1,0,0,3,False,True,True,False,False,False,False,False,False,False,False,False,False,False,False,False,False,False,True,False,False,0.8449239,1,1,ChargesPerTenureMonth,Critical (>75%)
0,0,1,1,71,1,0,64.05,4492.9,0.8895833333333333,5,0,1,0,1,False,False,False,False,False,True,False,True,False,True,False,True,False,False,False,False,False,True,True,False,False,0.049932472,0,0,ContractRisk,Low (<30%)
1,0,0,0,24,1,1,85.95,2107.15,3.438,4,0,0,0,3,False,False,True,False,False,False,False,True,False,True,False,True,False,False,False,False,False,False,False,True,False,0.67735314,1,0,ContractRisk,High (50-75%)
0,1,1,0,5,1,0,70.05,302.6,11.675,1,1,0,0,3,False,False,True,False,False,False,False,False,False,False,False,False,False,False,False,False,False,False,False,True,False,0.7901468,1,0,ContractRisk,Critical (>75%)
0,1,0,0,8,1,1,75.75,606.25,8.416666666666666,2,0,0,0,3,False,True,True,False,False,False,False,False,False,False,False,False,False,False,False,False,False,False,False,True,False,0.8575428,1,1,ContractRisk,Critical (>75%)
1,0,0,0,15,1,1,19.8,309.4,1.2375,1,0,0,0,3,False,False,False,True,True,False,True,False,True,False,True,False,True,False,True,False,False,False,False,False,True,0.2586948,0,0,ChargesPerTenureMonth,Low (<30%)
1,1,0,0,2,1,1,74.7,165.4,24.9,2,1,0,0,3,False,False,True,False,False,False,False,True,False,False,False,False,False,False,False,False,False,False,False,True,False,0.82442755,1,1,ContractRisk,Critical (>75%)
0,0,1,1,13,1,1,25.0,332.5,1.7857142857142858,2,0,0,0,1,False,True,False,True,True,False,True,False,True,False,True,False,True,False,True,False,False,True,False,False,False,0.073675714,0,0,ContractRisk,Low (<30%)
0,1,1,0,17,1,1,85.35,1463.45,4.741666666666666,4,0,0,0,3,False,True,True,False,False,True,False,False,False,True,False,False,False,False,False,False,False,False,False,False,False,0.67234397,1,1,ContractRisk,High (50-75%)
1,0,1,0,24,1,1,58.35,1346.9,2.334,4,0,0,0,2,False,True,False,False,False,True,False,False,False,False,False,True,False,False,False,False,True,False,False,True,False,0.30104494,0,0,ContractRisk,Medium (30-50%)
0,0,1,1,50,1,0,20.55,1070.25,0.4029411764705882,1,0,1,0,1,False,False,False,True,True,False,True,False,True,False,True,False,True,False,True,False,False,True,True,False,False,0.0431904,0,0,ContractRisk,Low (<30%)
1,0,0,0,57,1,1,74.35,4317.35,1.281896551724138,5,0,1,1,1,False,False,False,False,False,True,False,False,False,True,False,False,False,True,False,True,False,True,False,False,False,0.071219854,0,0,ContractRisk,Low (<30%)
0,1,0,0,3,0,0,25.3,77.75,6.325,0,1,0,0,3,True,False,False,False,False,False,False,False,False,False,False,False,False,False,False,False,False,False,False,True,False,0.68434983,1,1,ContractRisk,High (50-75%)
1,0,0,0,37,1,1,91.15,3369.25,2.398684210526316,4,0,1,1,3,False,True,True,False,False,True,False,False,False,False,False,False,False,True,False,False,False,False,False,True,False,0.69043726,1,0,ContractRisk,High (50-75%)
0,0,1,0,71,1,0,25.6,1888.25,0.3555555555555555,2,0,1,0,1,False,True,False,True,True,False,True,False,True,False,True,False,True,False,True,False,False,True,True,False,False,0.04084251,0,0,ContractRisk,Low (<30%)
1,0,1,1,72,1,1,66.5,4811.6,0.910958904109589,5,0,1,0,1,False,True,False,False,False,True,False,False,False,True,False,True,False,False,False,False,False,True,True,False,False,0.047244262,0,0,ContractRisk,Low (<30%)
1,0,0,1,52,1,0,25.6,1334.5,0.4830188679245283,2,0,1,0,1,False,True,False,True,True,False,True,False,True,False,True,False,True,False,True,False,False,True,True,False,False,0.047999423,0,0,ContractRisk,Low (<30%)
1,0,0,0,4,1,1,19.85,63.0,3.97,1,1,0,0,3,False,False,False,True,True,False,True,False,True,False,True,False,True,False,True,False,False,False,False,True,False,0.43757853,0,0,ContractRisk,Medium (30-50%)
1,0,0,0,9,1,1,69.5,653.25,6.95,5,0,0,0,3,False,False,False,False,False,True,False,False,False,True,False,True,False,True,False,False,False,False,False,False,True,0.33671033,0,0,InternetService_Fiber optic,Medium (30-50%)
1,1,1,0,7,1,1,74.85,485.25,9.35625,2,0,0,0,3,False,True,True,False,False,False,False,False,False,False,False,False,False,False,False,False,False,False,False,True,False,0.8524211,1,0,ContractRisk,Critical (>75%)
0,0,1,1,48,1,1,70.1,3238.4,1.430612244897959,5,0,1,0,1,False,False,False,False,False,True,False,True,False,True,False,False,False,False,False,True,False,True,True,False,False,0.06741727,0,0,ContractRisk,Low (<30%)
0,0,1,0,47,1,1,58.6,2723.4,1.2208333333333334,3,0,1,0,3,False,False,False,False,False,False,False,True,False,False,False,False,False,True,False,False,False,False,False,False,False,0.3401303,0,0,ChargesPerTenureMonth,Medium (30-50%)
0,1,0,0,4,1,0,72.75,317.75,14.55,2,1,0,0,3,False,False,True,False,False,False,False,True,False,False,False,False,False,False,False,False,False,False,False,True,False,0.76527905,1,0,ContractRisk,Critical (>75%)
0,0,0,0,47,1,1,103.7,4730.6,2.160416666666667,6,0,1,1,2,False,False,True,False,False,True,False,False,False,True,False,True,False,True,False,True,True,False,False,True,False,0.49538982,1,0,ContractRisk,Medium (30-50%)
1,0,1,0,24,0,0,29.1,688.0,1.164,1,0,0,0,3,True,False,False,False,False,False,False,False,False,True,False,False,False,False,False,False,False,False,False,True,False,0.4945453,1,0,ChargesPerTenureMonth,Medium (30-50%)
0,0,0,0,1,1,1,50.45,50.45,25.225,2,1,0,0,3,False,False,False,False,False,False,False,False,False,True,False,False,False,False,False,False,False,False,False,False,True,0.7584458,1,1,ChargesPerTenureMonth,Critical (>75%)
1,0,0,0,1,0,1,44.65,44.65,22.325,3,1,0,0,3,True,False,False,False,False,False,False,True,False,False,False,True,False,False,False,True,False,False,False,False,True,0.7335451,1,1,ChargesPerTenureMonth,High (50-75%)
0,0,1,1,1,1,0,19.25,19.25,9.625,1,1,0,0,3,False,False,False,True,True,False,True,False,True,False,True,False,True,False,True,False,False,False,False,True,False,0.5660696,1,0,ContractRisk,High (50-75%)
1,0,0,0,48,1,1,108.1,5067.45,2.206122448979592,6,0,1,1,1,False,True,True,False,False,False,False,True,False,True,False,False,False,True,False,True,False,True,False,False,False,0.4643373,1,0,ContractRisk,Medium (30-50%)
1,0,0,0,27,1,0,20.1,562.6,0.7178571428571429,1,0,0,0,2,False,False,False,True,True,False,True,False,True,False,True,False,True,False,True,False,True,False,False,False,False,0.06665383,0,0,ContractRisk,Low (<30%)
0,0,1,0,60,1,0,59.85,3483.45,0.9811475409836066,4,0,1,0,1,False,False,False,False,False,True,False,True,False,False,False,True,False,False,False,False,False,True,False,False,False,0.06354744,0,0,ContractRisk,Low (<30%)
0,0,0,0,26,1,1,56.05,1553.2,2.075925925925926,3,0,0,0,2,False,False,False,False,False,False,False,True,False,True,False,False,False,False,False,False,True,False,False,False,True,0.18378927,0,0,ContractRisk,Low (<30%)
0,1,0,0,51,1,0,19.6,967.9,0.3769230769230769,1,0,1,0,1,False,False,False,True,True,False,True,False,True,False,True,False,True,False,True,False,False,True,True,False,False,0.055648,0,0,ContractRisk,Low (<30%)
0,0,0,0,4,1,1,79.0,303.15,15.8,2,1,0,0,3,False,False,True,False,False,False,False,False,False,False,False,False,False,True,False,False,False,False,False,True,False,0.8499068,1,1,ChargesPerTenureMonth,Critical (>75%)
0,1,0,0,26,1,1,66.05,1652.4,2.446296296296296,4,0,0,0,3,False,True,False,False,False,False,False,False,False,False,False,True,False,False,False,True,False,False,False,True,False,0.50434965,1,0,ContractRisk,High (50-75%)
0,0,0,0,41,1,1,106.5,4282.4,2.5357142857142856,7,0,1,1,3,False,True,True,False,False,True,False,True,False,True,False,True,False,True,False,False,False,False,False,True,False,0.6703927,1,0,ContractRisk,High (50-75%)
0,0,1,0,68,1,0,114.9,7843.55,1.665217391304348,8,0,1,1,1,False,True,True,False,False,True,False,True,False,True,False,True,False,True,False,True,False,True,False,False,False,0.18627155,0,0,ContractRisk,Low (<30%)
1,0,1,1,45,1,0,54.65,2553.7,1.1880434782608695,3,0,1,0,1,False,False,False,False,False,True,False,False,False,False,False,True,False,False,False,False,False,True,False,False,False,0.060718488,0,0,ContractRisk,Low (<30%)
0,0,1,1,22,1,1,69.5,1498.2,3.0217391304347827,4,0,0,0,2,False,False,False,False,False,False,False,True,False,False,False,False,False,True,False,True,True,False,False,False,False,0.36341047,0,1,ContractRisk,Medium (30-50%)
1,0,0,0,12,1,1,79.95,1043.4,6.15,2,0,0,0,3,False,False,True,False,False,False,False,False,False,False,False,False,False,False,False,True,False,False,False,False,False,0.69266343,1,0,ContractRisk,High (50-75%)
0,0,0,0,1,1,0,43.95,43.95,21.975,1,1,0,0,3,False,False,False,False,False,False,False,False,False,False,False,False,False,False,False,False,False,False,True,False,False,0.6771405,1,0,ChargesPerTenureMonth,High (50-75%)
1,0,0,0,7,1,1,94.1,701.3,11.7625,4,0,0,0,3,False,True,True,False,False,False,False,False,False,False,False,False,False,True,False,True,False,False,False,True,False,0.8977036,1,0,ChargesPerTenureMonth,Critical (>75%)
0,0,0,0,1,1,1,20.2,20.2,10.1,1,1,0,0,3,False,False,False,True,True,False,True,False,True,False,True,False,True,False,True,False,False,False,False,False,False,0.66544175,1,1,ChargesPerTenureMonth,High (50-75%)
0,0,0,0,13,0,1,23.9,300.8,1.707142857142857,0,0,0,0,3,True,False,False,False,False,False,False,False,False,False,False,False,False,False,False,False,False,False,False,True,False,0.5520709,1,1,ChargesPerTenureMonth,High (50-75%)
1,0,0,0,51,1,0,20.45,1042.65,0.3932692307692307,1,0,1,0,1,False,False,False,True,True,False,True,False,True,False,True,False,True,False,True,False,False,True,False,False,True,0.047040306,0,0,ContractRisk,Low (<30%)
1,0,1,1,4,1,0,44.8,169.65,8.959999999999999,1,1,0,0,3,False,False,False,False,False,False,False,False,False,False,False,False,False,False,False,False,False,False,False,True,False,0.64275783,1,0,ContractRisk,High (50-75%)
1,0,0,0,26,1,1,84.3,2281.6,3.1222222222222222,4,0,0,0,3,False,True,True,False,False,False,False,False,False,True,False,True,False,False,False,False,False,False,False,False,True,0.608873,1,0,ContractRisk,High (50-75%)
0,0,0,0,24,1,1,88.95,2072.75,3.5580000000000003,4,0,0,0,3,False,True,True,False,False,False,False,False,False,True,False,False,False,True,False,False,False,False,True,False,False,0.6692677,1,0,ContractRisk,High (50-75%)
0,1,1,0,61,1,1,94.2,5895.45,1.5193548387096774,6,0,1,1,3,False,True,True,False,False,True,False,True,False,True,False,True,False,False,False,False,False,False,True,False,False,0.30321208,0,0,ChargesPerTenureMonth,Medium (30-50%)
0,0,0,0,72,1,1,114.9,8496.7,1.573972602739726,8,0,1,1,1,False,True,True,False,False,True,False,True,False,True,False,True,False,True,False,True,False,True,False,True,False,0.089342475,0,0,ContractRisk,Low (<30%)
0,0,0,0,55,1,1,84.25,4589.85,1.5044642857142858,4,0,1,1,2,False,True,True,False,False,True,False,False,False,True,False,False,False,False,False,False,True,False,True,False,False,0.1774174,0,0,ContractRisk,Low (<30%)
1,0,0,0,12,1,0,81.7,858.6,6.2846153846153845,3,0,0,0,3,False,False,True,False,False,True,False,False,False,True,False,False,False,False,False,False,False,False,False,False,False,0.53143746,1,1,ContractRisk,High (50-75%)
1,0,1,1,64,1,0,93.4,5822.3,1.436923076923077,5,0,1,1,1,False,True,True,False,False,True,False,False,False,True,False,False,False,False,False,True,False,True,False,False,False,0.113039576,0,0,ContractRisk,Low (<30%)
0,1,0,0,37,1,1,96.55,3580.3,2.5407894736842103,4,0,1,1,3,False,True,True,False,False,False,False,False,False,False,False,False,False,True,False,True,False,False,False,True,False,0.772581,1,1,ContractRisk,Critical (>75%)
1,0,1,0,72,1,1,88.7,6301.7,1.215068493150685,8,0,1,1,1,False,True,False,False,False,True,False,True,False,True,False,True,False,True,False,True,False,True,True,False,False,0.04116351,0,0,ContractRisk,Low (<30%)
1,0,0,0,11,1,0,19.5,226.8,1.625,1,0,0,0,2,False,False,False,True,True,False,True,False,True,False,True,False,True,False,True,False,True,False,False,False,True,0.08739923,0,0,ContractRisk,Low (<30%)
0,1,1,0,52,1,1,109.1,5647.95,2.058490566037736,7,0,1,1,3,False,True,True,False,False,True,False,True,False,True,False,False,False,True,False,True,False,False,False,True,False,0.5444475,1,0,ChargesPerTenureMonth,High (50-75%)
0,0,1,1,58,1,1,44.1,2413.05,0.747457627118644,1,0,1,0,2,False,False,False,False,False,False,False,False,False,False,False,False,False,False,False,False,True,False,False,False,True,0.14276016,0,0,ContractRisk,Low (<30%)
0,0,0,0,4,1,0,55.2,220.65,11.04,3,1,0,0,3,False,False,False,False,False,True,False,True,False,False,False,False,False,False,False,False,False,False,False,True,False,0.53853494,1,0,ChargesPerTenureMonth,High (50-75%)
0,0,1,1,38,1,0,20.3,749.35,0.5205128205128206,1,0,1,0,2,False,False,False,True,True,False,True,False,True,False,True,False,True,False,True,False,True,False,False,False,True,0.052662753,0,0,ChargesPerTenureMonth,Low (<30%)
1,0,0,1,3,1,0,20.85,60.65,5.2125,1,1,0,0,3,False,False,False,True,True,False,True,False,True,False,True,False,True,False,True,False,False,False,False,False,True,0.27668747,0,0,ContractRisk,Low (<30%)
1,0,0,0,62,1,1,92.3,5731.45,1.465079365079365,5,0,1,1,2,False,True,True,False,False,True,False,True,False,False,False,False,False,False,False,True,True,False,False,False,False,0.24174696,0,0,ContractRisk,Low (<30%)
0,0,0,0,8,1,0,54.25,447.75,6.027777777777778,3,0,0,0,2,False,False,False,False,False,True,False,False,False,False,False,True,False,False,False,False,True,False,False,False,False,0.16515067,0,0,ContractRisk,Low (<30%)
1,0,1,1,16,1,0,19.75,313.4,1.161764705882353,1,0,0,0,3,False,False,False,True,True,False,True,False,True,False,True,False,True,False,True,False,False,False,False,True,False,0.2881682,0,0,ChargesPerTenureMonth,Low (<30%)
1,0,0,0,8,1,0,43.55,335.4,4.838888888888889,1,0,0,0,3,False,False,False,False,False,False,False,False,False,False,False,False,False,False,False,False,False,False,False,False,True,0.38132998,0,0,ContractRisk,Medium (30-50%)
1,0,0,0,1,1,0,19.8,19.8,9.9,1,1,0,0,3,False,False,False,True,True,False,True,False,True,False,True,False,True,False,True,False,False,False,False,False,True,0.56212145,1,1,ChargesPerTenureMonth,High (50-75%)
1,0,1,1,52,0,0,50.2,2554.0,0.9471698113207548,4,0,1,0,1,True,False,False,False,False,False,False,True,False,True,False,True,False,True,False,False,False,True,False,False,True,0.06862432,0,0,ContractRisk,Low (<30%)
0,0,1,0,72,1,1,26.0,1776.0,0.3561643835616438,2,0,1,0,1,False,True,False,True,True,False,True,False,True,False,True,False,True,False,True,False,False,True,False,False,True,0.040116157,0,0,ContractRisk,Low (<30%)
1,1,0,0,16,1,0,69.65,1043.3,4.097058823529412,1,0,0,0,3,False,False,True,False,False,False,False,False,False,False,False,False,False,False,False,False,False,False,False,True,False,0.6889339,1,0,ContractRisk,High (50-75%)
1,0,0,0,18,1,1,89.6,1633.0,4.71578947368421,4,0,0,0,2,False,True,True,False,False,False,False,False,False,True,False,False,False,True,False,False,True,False,True,False,False,0.36822894,0,0,ContractRisk,Medium (30-50%)
1,0,0,0,1,1,0,20.25,20.25,10.125,1,1,0,0,3,False,False,False,True,True,False,True,False,True,False,True,False,True,False,True,False,False,False,False,False,True,0.56261843,1,1,ChargesPerTenureMonth,High (50-75%)
1,0,1,1,72,1,1,75.4,5480.25,1.0328767123287672,5,0,1,1,1,False,False,False,False,False,False,False,True,False,True,False,False,False,True,False,True,False,True,False,False,False,0.094420336,0,0,ContractRisk,Low (<30%)
0,0,1,0,49,1,0,20.7,1032.05,0.414,1,0,1,0,2,False,False,False,True,True,False,True,False,True,False,True,False,True,False,True,False,True,False,True,False,False,0.065886274,0,0,ChargesPerTenureMonth,Low (<30%)
1,0,0,0,1,1,0,44.0,44.0,22.0,1,1,0,0,3,False,False,False,False,False,False,False,False,False,False,False,False,False,False,False,False,False,False,False,True,False,0.71593815,1,0,ChargesPerTenureMonth,High (50-75%)
0,0,1,0,51,1,1,93.5,4619.55,1.7980769230769231,5,0,1,1,2,False,False,True,False,False,True,False,True,False,True,False,False,False,True,False,False,True,False,False,True,False,0.37105665,0,0,ContractRisk,Medium (30-50%)
1,1,1,0,72,1,1,97.25,7133.1,1.332191780821918,5,0,1,1,2,False,True,True,False,False,False,False,True,False,False,False,False,False,True,False,True,True,False,True,False,False,0.25331658,0,0,ChargesPerTenureMonth,Low (<30%)
1,1,1,0,72,1,0,77.35,5396.25,1.0595890410958904,6,0,1,1,1,False,True,False,False,False,False,False,True,False,True,False,True,False,True,False,False,False,True,True,False,False,0.072271265,0,0,ContractRisk,Low (<30%)
0,0,0,0,16,1,0,19.05,326.65,1.1205882352941177,1,0,0,0,2,False,False,False,True,True,False,True,False,True,False,True,False,True,False,True,False,True,False,False,False,True,0.081629574,0,0,ContractRisk,Low (<30%)
1,0,1,1,16,1,0,84.9,1398.25,4.994117647058824,7,0,0,0,3,False,True,False,False,False,True,False,True,False,False,False,True,False,True,False,True,False,False,False,True,False,0.42903376,0,0,ContractRisk,Medium (30-50%)
1,0,0,0,1,1,0,19.65,19.65,9.825,1,1,0,0,3,False,False,False,True,True,False,True,False,True,False,True,False,True,False,True,False,False,False,False,False,False,0.56212145,1,0,ChargesPerTenureMonth,High (50-75%)
1,0,1,0,10,1,1,85.6,813.85,7.781818181818181,3,0,0,0,3,False,True,True,False,False,False,False,False,False,False,False,False,False,True,False,False,False,False,False,True,False,0.86554253,1,1,ContractRisk,Critical (>75%)
0,0,1,0,57,1,1,100.75,5985.0,1.737068965517241,5,0,1,1,2,False,True,True,False,False,False,False,False,False,True,False,False,False,True,False,True,True,False,True,False,False,0.4937861,1,0,ContractRisk,Medium (30-50%)
1,0,1,1,32,1,1,90.8,3023.85,2.7515151515151515,4,0,0,1,2,False,False,True,False,False,True,False,True,False,False,False,False,False,False,False,True,True,False,False,True,False,0.39608768,0,0,ContractRisk,Medium (30-50%)
0,0,0,0,72,1,1,101.3,7261.25,1.3876712328767122,6,0,1,1,1,False,True,True,False,False,True,False,True,False,True,False,False,False,True,False,False,False,True,False,False,False,0.07152622,0,0,ContractRisk,Low (<30%)
0,1,1,0,58,1,1,97.8,5458.8,1.6576271186440676,5,0,1,1,2,False,True,True,False,False,False,False,True,False,False,False,False,False,True,False,True,True,False,False,False,False,0.4561269,1,0,ContractRisk,Medium (30-50%)
0,0,0,0,23,1,1,73.75,1756.6,3.0729166666666665,5,0,0,0,2,False,True,False,False,False,False,False,False,False,False,False,True,False,True,False,True,True,False,False,False,True,0.35730156,0,0,ContractRisk,Medium (30-50%)
1,1,0,0,25,1,1,89.5,2196.15,3.4423076923076925,4,0,0,0,3,False,True,True,False,False,False,False,True,False,False,False,False,False,True,False,False,False,False,False,True,False,0.7885368,1,1,ContractRisk,Critical (>75%)
1,0,1,1,32,1,1,19.45,674.55,0.5893939393939394,1,0,0,0,3,False,False,False,True,True,False,True,False,True,False,True,False,True,False,True,False,False,False,True,False,False,0.14718871,0,0,ChargesPerTenureMonth,Low (<30%)
0,0,0,0,69,1,0,104.0,7028.5,1.4857142857142858,6,0,1,1,1,False,True,True,False,False,False,False,False,False,True,False,True,False,True,False,True,False,True,False,True,False,0.28569785,0,0,ContractRisk,Low (<30%)
0,0,1,1,72,1,1,109.5,7854.9,1.5,7,0,1,1,1,False,False,True,False,False,True,False,True,False,True,False,True,False,True,False,True,False,True,True,False,False,0.08742654,0,0,ContractRisk,Low (<30%)
1,0,0,0,50,0,1,35.4,1748.9,0.6941176470588235,2,0,1,0,2,True,False,False,False,False,True,False,False,False,False,False,True,False,False,False,False,True,False,False,False,True,0.112422414,0,0,ContractRisk,Low (<30%)
1,0,1,1,28,1,0,106.1,2847.4,3.658620689655172,6,0,0,0,2,False,True,True,False,False,True,False,True,False,False,False,False,False,True,False,True,True,False,False,True,False,0.40091226,0,1,ContractRisk,Medium (30-50%)
0,0,1,0,10,1,0,20.1,184.4,1.827272727272728,1,0,0,0,2,False,False,False,True,True,False,True,False,True,False,True,False,True,False,True,False,True,False,False,False,True,0.08959256,0,0,ContractRisk,Low (<30%)
1,0,1,1,58,1,1,94.7,5430.35,1.605084745762712,5,0,1,1,2,False,True,True,False,False,False,False,True,False,False,False,True,False,True,False,False,True,False,True,False,False,0.21175508,0,0,ContractRisk,Low (<30%)
1,1,1,0,7,1,1,75.4,533.05,9.425,2,0,0,0,3,False,True,True,False,False,False,False,False,False,False,False,False,False,False,False,False,False,False,False,True,False,0.8524211,1,0,ContractRisk,Critical (>75%)
1,0,0,1,4,1,0,49.35,219.65,9.87,2,1,0,0,3,False,False,False,False,False,True,False,False,False,False,False,False,False,False,False,False,False,False,False,True,False,0.6103275,1,1,ContractRisk,High (50-75%)
0,0,1,1,34,1,1,60.8,2042.05,1.737142857142857,4,0,0,0,2,False,False,False,False,False,True,False,True,False,True,False,False,False,False,False,False,True,False,False,False,True,0.15276127,0,0,ContractRisk,Low (<30%)
0,0,1,1,70,1,1,115.15,8250.0,1.6218309859154931,8,0,1,1,1,False,True,True,False,False,True,False,True,False,True,False,True,False,True,False,True,False,True,True,False,False,0.114192545,0,0,ContractRisk,Low (<30%)
1,1,1,1,71,1,1,72.9,5139.65,1.0125000000000002,6,0,1,1,2,False,True,False,False,False,False,False,True,False,True,False,True,False,False,False,True,True,False,False,False,False,0.20204923,0,0,ChargesPerTenureMonth,Low (<30%)
1,0,0,0,21,1,0,103.85,2215.0,4.720454545454545,6,0,0,0,3,False,True,True,False,False,True,False,False,False,True,False,False,False,True,False,True,False,False,False,False,True,0.65249085,1,0,ContractRisk,High (50-75%)
0,0,0,0,56,1,1,60.25,3282.75,1.0570175438596492,4,0,1,0,2,False,False,False,False,False,True,False,False,False,True,False,True,False,False,False,False,True,False,True,False,False,0.12451125,0,0,ContractRisk,Low (<30%)
1,0,0,1,71,1,1,76.9,5522.7,1.0680555555555555,6,0,1,1,1,False,False,False,False,False,True,False,True,False,True,False,True,False,True,False,False,False,True,True,False,False,0.0677505,0,0,ContractRisk,Low (<30%)
0,0,1,1,14,1,1,87.25,1258.6,5.816666666666666,4,0,0,0,3,False,True,True,False,False,False,False,False,False,True,False,False,False,False,False,True,False,False,False,True,False,0.7951483,1,1,ContractRisk,Critical (>75%)
1,0,1,1,41,1,0,19.5,798.2,0.4642857142857143,1,0,1,0,2,False,False,False,True,True,False,True,False,True,False,True,False,True,False,True,False,True,False,False,False,False,0.055204395,0,0,ChargesPerTenureMonth,Low (<30%)
0,0,0,0,3,1,0,74.4,215.8,18.6,2,1,0,0,3,False,True,True,False,False,False,False,False,False,False,False,False,False,False,False,False,False,False,False,False,False,0.7926977,1,1,ChargesPerTenureMonth,Critical (>75%)
0,0,1,1,58,1,0,20.5,1191.4,0.3474576271186441,1,0,1,0,1,False,False,False,True,True,False,True,False,True,False,True,False,True,False,True,False,False,True,True,False,False,0.047956,0,0,ContractRisk,Low (<30%)
0,0,1,1,72,0,0,65.7,4575.35,0.9,6,0,1,0,1,True,False,False,False,False,True,False,True,False,True,False,True,False,True,False,True,False,True,False,False,False,0.03563116,0,0,ContractRisk,Low (<30%)
0,0,0,0,13,1,0,89.4,1132.35,6.385714285714286,5,0,0,0,3,False,True,True,False,False,False,False,True,False,True,False,True,False,False,False,False,False,False,False,True,False,0.6796553,1,1,ContractRisk,High (50-75%)
1,0,1,1,43,1,1,79.15,3566.6,1.7988636363636366,6,0,1,1,1,False,False,False,False,False,True,False,False,False,True,False,True,False,True,False,True,False,True,True,False,False,0.08544534,0,0,ContractRisk,Low (<30%)
1,0,0,0,41,0,1,51.35,2075.1,1.2226190476190475,3,0,1,0,2,True,False,False,False,False,False,False,False,False,True,False,False,False,True,False,True,True,False,False,True,False,0.4053444,0,0,ContractRisk,Medium (30-50%)
0,0,0,0,2,1,0,70.0,153.05,23.33333333333333,1,1,0,0,3,False,False,True,False,False,False,False,False,False,False,False,False,False,False,False,False,False,False,False,False,False,0.7694751,1,1,ChargesPerTenureMonth,Critical (>75%)
0,0,0,0,1,1,0,20.3,20.3,10.15,1,1,0,0,3,False,False,False,True,True,False,True,False,True,False,True,False,True,False,True,False,False,False,True,False,False,0.55811566,1,0,ChargesPerTenureMonth,High (50-75%)
1,0,0,0,4,1,1,79.9,324.3,15.98,2,1,0,0,3,False,False,True,False,False,False,False,False,False,False,False,False,False,False,False,True,False,False,False,True,False,0.8501248,1,1,ChargesPerTenureMonth,Critical (>75%)
1,0,0,0,1,1,1,19.9,19.9,9.95,1,1,0,0,3,False,False,False,True,True,False,True,False,True,False,True,False,True,False,True,False,False,False,False,False,True,0.6764085,1,0,ChargesPerTenureMonth,High (50-75%)
1,0,1,0,72,1,1,114.1,8086.4,1.5630136986301368,8,0,1,1,1,False,True,True,False,False,True,False,True,False,True,False,True,False,True,False,True,False,True,True,False,False,0.079349674,0,0,ContractRisk,Low (<30%)
0,0,1,1,69,1,1,64.15,4254.1,0.9164285714285716,5,0,1,0,1,False,True,False,False,False,True,False,False,False,True,False,True,False,False,False,False,False,True,True,False,False,0.057704486,0,0,ContractRisk,Low (<30%)
1,0,1,1,27,0,1,45.85,1246.4,1.6375,3,0,0,0,2,True,False,False,False,False,False,False,True,False,True,False,False,False,False,False,True,True,False,True,False,False,0.28840694,0,0,ContractRisk,Low (<30%)
0,0,0,1,14,1,1,59.8,824.85,3.9866666666666655,3,0,0,0,3,False,False,False,False,False,False,False,False,False,True,False,False,False,True,False,False,False,False,True,False,False,0.41852418,0,0,ContractRisk,Medium (30-50%)
1,0,0,0,19,1,1,45.0,865.85,2.25,1,0,0,0,3,False,False,False,False,False,False,False,False,False,False,False,False,False,False,False,False,False,False,False,False,False,0.40469217,0,0,ContractRisk,Medium (30-50%)
0,0,1,0,18,1,1,95.95,1745.5,5.05,4,0,0,0,3,False,False,True,False,False,False,False,False,False,True,False,False,False,True,False,True,False,False,True,False,False,0.70833594,1,0,ContractRisk,High (50-75%)
1,0,1,1,5,1,1,90.35,434.5,15.058333333333332,4,1,0,0,3,False,False,True,False,False,True,False,False,False,True,False,False,False,False,False,True,False,False,False,False,True,0.7748773,1,0,ChargesPerTenureMonth,Critical (>75%)
1,0,1,1,28,1,0,100.35,2799.0,3.4603448275862068,5,0,0,0,2,False,False,True,False,False,False,False,True,False,True,False,False,False,True,False,True,True,False,False,False,False,0.36085734,0,0,ContractRisk,Medium (30-50%)
0,0,0,0,30,1,0,74.65,2308.6,2.4080645161290324,6,0,0,1,2,False,False,False,False,False,True,False,True,False,True,False,True,False,True,False,False,True,False,True,False,False,0.15273042,0,0,ContractRisk,Low (<30%)
0,1,0,0,71,1,0,104.05,7413.55,1.4451388888888888,5,0,1,1,1,False,True,True,False,False,False,False,False,False,True,False,False,False,True,False,True,False,True,False,False,False,0.2808532,0,0,ContractRisk,Low (<30%)
1,0,0,0,1,1,1,53.95,53.95,26.975,3,1,0,0,3,False,False,False,False,False,True,False,False,False,False,False,True,False,False,False,False,False,False,False,True,False,0.7143993,1,1,ChargesPerTenureMonth,High (50-75%)
1,0,1,1,71,1,1,97.2,6910.3,1.35,5,0,1,1,1,False,True,True,False,False,True,False,False,False,False,False,False,False,True,False,True,False,True,False,True,False,0.16145192,0,0,ContractRisk,Low (<30%)
0,0,1,1,32,1,0,62.45,2045.55,1.8924242424242423,4,0,0,0,3,False,True,False,False,False,False,False,True,False,True,False,False,False,False,False,False,False,False,False,False,False,0.2901195,0,0,ContractRisk,Low (<30%)
0,1,0,0,70,1,1,75.5,5212.65,1.0633802816901408,6,0,1,1,1,False,True,False,False,False,False,False,True,False,True,False,True,False,True,False,False,False,True,False,False,False,0.13544008,0,0,ContractRisk,Low (<30%)
1,0,0,0,1,1,1,55.25,55.25,27.625,2,1,0,0,3,False,False,False,False,False,False,False,False,False,False,False,False,False,False,False,True,False,False,False,True,False,0.8400993,1,0,ChargesPerTenureMonth,Critical (>75%)
1,0,1,1,1,1,1,71.0,71.0,35.5,1,1,0,0,3,False,False,True,False,False,False,False,False,False,False,False,False,False,False,False,False,False,False,False,True,False,0.9028954,1,1,ChargesPerTenureMonth,Critical (>75%)
0,1,0,0,4,1,0,48.75,179.85,9.75,2,1,0,0,3,False,True,False,False,False,False,False,False,False,False,False,False,False,False,False,False,False,False,False,False,True,0.656592,1,0,ContractRisk,High (50-75%)
1,1,1,0,43,1,1,94.3,3953.15,2.143181818181818,5,0,1,1,3,False,True,True,False,False,False,False,True,False,False,False,True,False,True,False,False,False,False,False,True,False,0.6252913,1,0,ContractRisk,High (50-75%)
1,0,1,0,72,1,0,92.3,6719.9,1.2643835616438357,8,0,1,1,1,False,True,False,False,False,True,False,True,False,True,False,True,False,True,False,True,False,True,True,False,False,0.04068803,0,0,ContractRisk,Low (<30%)
1,1,1,1,72,1,1,114.95,8196.4,1.5746575342465754,8,0,1,1,1,False,True,True,False,False,True,False,True,False,True,False,True,False,True,False,True,False,True,False,False,False,0.07229153,0,0,ContractRisk,Low (<30%)
1,1,1,0,4,1,1,74.4,306.6,14.88,2,1,0,0,3,False,True,True,False,False,False,False,False,False,False,False,False,False,False,False,False,False,False,False,False,True,0.8449239,1,1,ChargesPerTenureMonth,Critical (>75%)
0,0,0,0,24,1,0,24.6,605.25,0.984,2,0,0,0,2,False,True,False,True,True,False,True,False,True,False,True,False,True,False,True,False,True,False,False,False,False,0.11085825,0,0,ContractRisk,Low (<30%)
1,1,1,0,1,1,1,95.1,95.1,47.55,4,1,0,0,3,False,True,True,False,False,False,False,False,False,False,False,False,False,True,False,True,False,False,False,True,False,0.9320775,1,1,ChargesPerTenureMonth,Critical (>75%)
0,0,0,0,1,1,0,18.85,18.85,9.425,1,1,0,0,3,False,False,False,True,True,False,True,False,True,False,True,False,True,False,True,False,False,False,False,True,False,0.54875076,1,0,ContractRisk,High (50-75%)
1,1,0,0,14,1,1,95.6,1273.3,6.373333333333333,4,0,0,0,3,False,True,True,False,False,False,False,False,False,False,False,False,False,True,False,True,False,False,False,True,False,0.82831436,1,0,ContractRisk,Critical (>75%)
1,1,1,0,36,1,1,84.1,3021.6,2.2729729729729726,3,0,0,1,3,False,True,True,False,False,False,False,False,False,False,False,False,False,False,False,True,False,False,False,True,False,0.7366544,1,1,ContractRisk,High (50-75%)
1,0,1,1,40,1,1,81.2,3292.3,1.9804878048780488,3,0,1,1,3,False,True,True,False,False,False,False,False,False,True,False,False,False,False,False,False,False,False,False,True,False,0.6631074,1,0,ContractRisk,High (50-75%)
1,1,0,0,67,1,1,105.05,7171.7,1.5448529411764709,6,0,1,1,1,False,False,True,False,False,True,False,True,False,False,False,True,False,True,False,True,False,True,False,True,False,0.23490463,0,0,ContractRisk,Low (<30%)
1,0,1,1,69,1,1,92.15,6480.9,1.3164285714285715,4,0,1,1,1,False,False,True,False,False,False,False,True,False,False,False,True,False,True,False,False,False,True,False,False,True,0.08934667,0,0,ContractRisk,Low (<30%)
1,0,0,0,1,1,0,20.6,20.6,10.3,1,1,0,0,3,False,False,False,True,True,False,True,False,True,False,True,False,True,False,True,False,False,False,False,False,True,0.59676623,1,0,ChargesPerTenureMonth,High (50-75%)
0,0,0,1,10,0,0,40.25,411.45,3.659090909090909,3,0,0,0,2,True,False,False,False,False,True,False,True,False,False,False,True,False,False,False,False,True,False,False,False,True,0.1379492,0,0,ContractRisk,Low (<30%)
1,0,1,1,55,1,0,57.55,3046.4,1.0276785714285714,4,0,1,0,1,False,False,False,False,False,True,False,True,False,False,False,True,False,False,False,False,False,True,False,False,False,0.06441147,0,1,ContractRisk,Low (<30%)
1,0,1,1,68,1,1,113.15,7856.0,1.6398550724637682,8,0,1,1,1,False,True,True,False,False,True,False,True,False,True,False,True,False,True,False,True,False,True,False,True,False,0.15343763,0,1,ContractRisk,Low (<30%)
1,1,1,1,66,1,1,99.5,6822.15,1.4850746268656716,5,0,1,1,3,False,True,True,False,False,False,False,False,False,True,False,False,False,True,False,True,False,False,True,False,False,0.62309813,1,1,ChargesPerTenureMonth,High (50-75%)
0,0,0,0,7,1,1,69.9,497.3,8.7375,1,0,0,0,3,False,False,True,False,False,False,False,False,False,False,False,False,False,False,False,False,False,False,False,False,True,0.764912,1,0,ContractRisk,Critical (>75%)
0,0,1,1,10,1,0,20.15,220.8,1.8318181818181816,1,0,0,0,1,False,False,False,True,True,False,True,False,True,False,True,False,True,False,True,False,False,True,False,False,True,0.05272367,0,0,ContractRisk,Low (<30%)
1,0,0,0,1,0,0,29.15,29.15,14.575,1,1,0,0,3,True,False,False,False,False,False,False,False,False,False,False,True,False,False,False,False,False,False,False,False,True,0.68095064,1,0,ChargesPerTenureMonth,High (50-75%)
1,0,1,1,55,1,0,19.35,1153.25,0.3455357142857143,1,0,1,0,1,False,False,False,True,True,False,True,False,True,False,True,False,True,False,True,False,False,True,False,False,False,0.056978222,0,0,ContractRisk,Low (<30%)
1,0,1,0,45,1,1,107.75,4882.8,2.342391304347826,6,0,1,1,3,False,True,True,False,False,False,False,True,False,True,False,False,False,True,False,True,False,False,False,False,False,0.6745985,1,0,ContractRisk,High (50-75%)
0,0,1,0,10,1,1,67.8,653.15,6.163636363636363,4,0,0,0,3,False,False,False,False,False,False,False,False,False,True,False,False,False,True,False,True,False,False,True,False,False,0.4386413,0,0,InternetService_Fiber optic,Medium (30-50%)
0,0,1,0,69,1,1,116.0,8182.85,1.6571428571428573,8,0,1,1,1,False,True,True,False,False,True,False,True,False,True,False,True,False,True,False,True,False,True,False,True,False,0.21576457,0,0,ContractRisk,Low (<30%)
0,1,0,0,1,1,1,85.05,85.05,42.525,3,1,0,0,3,False,True,True,False,False,False,False,False,False,False,False,False,False,False,False,True,False,False,False,True,False,0.9365057,1,1,ChargesPerTenureMonth,Critical (>75%)
0,0,0,0,33,1,0,25.7,826.1,0.7558823529411764,2,0,0,0,1,False,True,False,True,True,False,True,False,True,False,True,False,True,False,True,False,False,True,True,False,False,0.08249295,0,0,ContractRisk,Low (<30%)
0,0,0,0,45,1,0,81.65,3618.7,1.775,6,0,1,1,1,False,False,False,False,False,True,False,False,False,True,False,True,False,True,False,True,False,True,False,False,False,0.07652128,0,0,ContractRisk,Low (<30%)
0,0,0,0,1,1,0,44.75,44.75,22.375,1,1,0,0,3,False,False,False,False,False,False,False,False,False,False,False,False,False,False,False,False,False,False,False,False,True,0.6811234,1,0,ChargesPerTenureMonth,High (50-75%)
1,0,0,0,31,1,1,71.05,2168.15,2.2203125,5,0,0,1,3,False,True,False,False,False,False,False,True,False,False,False,True,False,True,False,False,False,False,False,True,False,0.44138628,0,0,InternetService_Fiber optic,Medium (30-50%)
1,0,1,1,50,1,1,20.35,938.95,0.3990196078431373,1,0,1,0,2,False,False,False,True,True,False,True,False,True,False,True,False,True,False,True,False,True,False,False,False,True,0.054298792,0,0,ChargesPerTenureMonth,Low (<30%)
0,0,0,0,57,1,1,87.55,4884.85,1.5094827586206896,5,0,1,1,3,False,True,True,False,False,True,False,True,False,False,False,True,False,False,False,False,False,False,False,False,False,0.2950841,0,0,ChargesPerTenureMonth,Low (<30%)
1,0,0,0,1,1,1,74.25,74.25,37.125,2,1,0,0,3,False,True,True,False,False,False,False,False,False,False,False,False,False,False,False,False,False,False,False,False,True,0.8976531,1,1,ChargesPerTenureMonth,Critical (>75%)
0,0,0,0,2,1,1,75.8,160.75,25.266666666666666,2,1,0,0,3,False,False,True,False,False,False,False,False,False,True,False,False,False,False,False,False,False,False,False,True,False,0.84676254,1,1,ChargesPerTenureMonth,Critical (>75%)
1,0,0,0,3,1,1,105.35,323.25,26.3375,6,1,0,0,3,False,True,True,False,False,False,False,True,False,True,False,False,False,True,False,True,False,False,False,False,False,0.89830285,1,1,ChargesPerTenureMonth,Critical (>75%)
1,1,1,0,67,1,1,94.65,6079.0,1.3919117647058823,4,0,1,1,3,False,True,True,False,False,False,False,False,False,False,False,False,False,True,False,True,False,False,True,False,False,0.539783,1,0,ChargesPerTenureMonth,High (50-75%)
0,1,0,0,42,1,1,104.75,4323.45,2.436046511627907,6,0,1,1,3,False,True,True,False,False,False,False,True,False,True,False,False,False,True,False,True,False,False,False,False,False,0.71501833,1,1,ContractRisk,High (50-75%)
0,0,1,0,70,1,1,26.0,2006.95,0.3661971830985915,2,0,1,0,1,False,True,False,True,True,False,True,False,True,False,True,False,True,False,True,False,False,True,False,False,False,0.04574268,0,0,ContractRisk,Low (<30%)
1,0,1,0,71,1,0,20.85,1539.75,0.2895833333333333,1,0,1,0,2,False,False,False,True,True,False,True,False,True,False,True,False,True,False,True,False,True,False,False,True,False,0.087424845,0,0,ChargesPerTenureMonth,Low (<30%)
1,0,0,0,9,1,1,75.85,724.65,7.584999999999999,2,0,0,0,3,False,True,True,False,False,False,False,False,False,False,False,False,False,False,False,False,False,False,False,True,False,0.84019697,1,0,ContractRisk,Critical (>75%)
1,0,1,1,72,0,0,45.25,3139.8,0.6198630136986302,4,0,1,0,1,True,False,False,False,False,True,False,True,False,True,False,True,False,False,False,False,False,True,True,False,False,0.04911787,0,0,ContractRisk,Low (<30%)
1,0,1,1,53,1,1,105.25,5576.3,1.9490740740740744,6,0,1,1,2,False,True,True,False,False,False,False,True,False,True,False,False,False,True,False,True,True,False,False,True,False,0.49998653,1,0,ContractRisk,Medium (30-50%)
0,1,0,0,19,1,1,105.0,2007.25,5.25,6,0,0,0,3,False,False,True,False,False,True,False,True,False,False,False,True,False,True,False,True,False,False,False,False,True,0.68592995,1,0,ContractRisk,High (50-75%)
0,0,0,0,9,1,0,94.4,857.25,9.44,4,0,0,0,3,False,True,True,False,False,False,False,False,False,False,False,False,False,True,False,True,False,False,False,True,False,0.8196506,1,1,ContractRisk,Critical (>75%)
1,0,1,1,72,1,0,105.5,7611.55,1.4452054794520548,6,0,1,1,1,False,False,True,False,False,True,False,True,False,False,False,True,False,True,False,True,False,True,False,False,False,0.10348448,0,0,ContractRisk,Low (<30%)
1,0,1,1,20,0,1,39.4,825.4,1.876190476190476,3,0,0,0,1,True,False,False,False,False,True,False,False,False,True,False,True,False,False,False,False,False,True,True,False,False,0.077724084,0,0,ContractRisk,Low (<30%)
0,0,1,1,43,1,0,20.0,817.95,0.4545454545454545,1,0,1,0,2,False,False,False,True,True,False,True,False,True,False,True,False,True,False,True,False,True,False,False,False,True,0.054844785,0,0,ChargesPerTenureMonth,Low (<30%)
0,0,0,0,50,1,1,79.6,4024.2,1.56078431372549,6,0,1,1,1,False,True,False,False,False,False,False,True,False,False,False,True,False,True,False,True,False,True,False,False,True,0.07391287,0,0,ContractRisk,Low (<30%)
0,0,1,0,55,1,1,89.8,4959.6,1.6035714285714284,4,0,1,1,3,False,True,True,False,False,True,False,False,False,False,False,False,False,True,False,False,False,False,False,False,False,0.45818353,1,0,ChargesPerTenureMonth,Medium (30-50%)
1,0,1,0,2,1,1,94.2,167.5,31.4,4,1,0,0,3,False,False,True,False,False,False,False,False,False,False,False,True,False,True,False,True,False,False,False,True,False,0.87544084,1,1,ChargesPerTenureMonth,Critical (>75%)
0,0,1,1,9,1,0,20.35,191.1,2.035,1,0,0,0,1,False,False,False,True,True,False,True,False,True,False,True,False,True,False,True,False,False,True,False,False,True,0.050556555,0,0,ContractRisk,Low (<30%)
1,0,0,0,10,0,1,33.9,298.45,3.0818181818181816,1,0,0,0,3,True,False,False,False,False,False,False,False,False,False,False,False,False,False,False,True,False,False,False,False,True,0.564633,1,1,ContractRisk,High (50-75%)
0,0,0,0,71,1,0,77.35,5550.1,1.0743055555555554,6,0,1,1,1,False,False,False,False,False,True,False,True,False,True,False,True,False,True,False,False,False,True,True,False,False,0.06449875,0,0,ContractRisk,Low (<30%)
0,0,1,0,32,1,0,84.15,2585.95,2.5500000000000003,3,0,0,1,3,False,False,True,False,False,False,False,True,False,False,False,False,False,False,False,True,False,False,False,False,False,0.518476,1,1,ContractRisk,High (50-75%)
1,1,1,0,3,1,1,105.9,334.65,26.475,6,1,0,0,3,False,True,True,False,False,False,False,True,False,True,False,False,False,True,False,True,False,False,False,True,False,0.9046149,1,1,ChargesPerTenureMonth,Critical (>75%)
1,1,1,0,16,1,1,74.3,1178.25,4.370588235294117,2,0,0,0,3,False,False,True,False,False,False,False,True,False,False,False,False,False,False,False,False,False,False,True,False,False,0.64059997,1,1,ContractRisk,High (50-75%)
1,0,0,0,25,1,0,69.75,1729.35,2.6826923076923075,1,0,0,0,3,False,False,True,False,False,False,False,False,False,False,False,False,False,False,False,False,False,False,False,True,False,0.57682484,1,0,ContractRisk,High (50-75%)
1,0,0,0,38,1,1,70.45,2597.6,1.8064102564102564,1,0,1,1,2,False,False,True,False,False,False,False,False,False,False,False,False,False,False,False,False,True,False,False,False,False,0.24640115,0,1,ContractRisk,Low (<30%)
0,0,0,0,40,1,0,20.15,804.85,0.4914634146341463,1,0,1,0,1,False,False,False,True,True,False,True,False,True,False,True,False,True,False,True,False,False,True,False,False,True,0.04211192,0,0,ContractRisk,Low (<30%)
0,0,1,1,61,1,1,24.2,1445.2,0.3903225806451613,2,0,1,0,1,False,True,False,True,True,False,True,False,True,False,True,False,True,False,True,False,False,True,False,False,True,0.047780782,0,0,ContractRisk,Low (<30%)
0,0,1,1,25,1,0,20.05,520.1,0.7711538461538462,1,0,0,0,2,False,False,False,True,True,False,True,False,True,False,True,False,True,False,True,False,True,False,False,False,True,0.05748182,0,0,ContractRisk,Low (<30%)
0,0,0,1,48,1,1,95.5,4627.85,1.9489795918367347,5,0,1,1,1,False,False,True,False,False,False,False,True,False,True,False,True,False,True,False,False,False,True,False,False,True,0.14162418,0,1,ContractRisk,Low (<30%)
0,0,0,0,3,1,1,69.55,222.3,17.3875,1,1,0,0,3,False,False,True,False,False,False,False,False,False,False,False,False,False,False,False,False,False,False,False,False,False,0.8101572,1,1,ChargesPerTenureMonth,Critical (>75%)
0,0,0,0,63,1,0,108.25,6780.1,1.69140625,7,0,1,1,3,False,True,True,False,False,True,False,True,False,True,False,False,False,True,False,True,False,False,True,False,False,0.4031133,0,0,ChargesPerTenureMonth,Medium (30-50%)
0,1,0,0,37,1,1,76.25,2841.55,2.006578947368421,2,0,1,1,3,False,True,True,False,False,False,False,False,False,False,False,False,False,False,False,False,False,False,False,True,False,0.70245546,1,1,ContractRisk,High (50-75%)
1,0,0,0,1,1,1,49.8,49.8,24.9,2,1,0,0,3,False,False,False,False,False,True,False,False,False,False,False,False,False,False,False,False,False,False,True,False,False,0.6953182,1,0,ChargesPerTenureMonth,High (50-75%)
1,0,1,1,17,1,0,80.85,1400.85,4.491666666666666,2,0,0,0,3,False,False,True,False,False,False,False,False,False,False,False,False,False,True,False,False,False,False,False,True,False,0.69159275,1,1,ContractRisk,High (50-75%)
1,0,0,0,3,1,1,69.35,191.35,17.3375,4,1,0,0,3,False,False,False,False,False,False,False,False,False,False,False,True,False,True,False,True,False,False,False,True,False,0.7120503,1,1,ChargesPerTenureMonth,High (50-75%)
0,0,1,0,21,1,1,86.05,1818.9,3.911363636363636,3,0,0,0,3,False,False,True,False,False,False,False,False,False,False,False,True,False,True,False,False,False,False,False,True,False,0.70353395,1,0,ContractRisk,High (50-75%)
0,0,1,1,67,0,0,36.15,2434.45,0.5316176470588235,2,0,1,0,1,True,False,False,False,False,True,False,True,False,False,False,False,False,False,False,False,False,True,False,False,False,0.046608407,0,0,ContractRisk,Low (<30%)
0,0,1,1,34,1,1,20.1,682.1,0.5742857142857143,1,0,0,0,2,False,False,False,True,True,False,True,False,True,False,True,False,True,False,True,False,True,False,False,False,False,0.05387035,0,0,ChargesPerTenureMonth,Low (<30%)
1,0,0,0,18,1,1,90.7,1597.25,4.773684210526316,4,0,0,0,3,False,True,True,False,False,False,False,False,False,True,False,False,False,False,False,True,False,False,True,False,False,0.7206208,1,1,ContractRisk,High (50-75%)
1,0,1,1,72,1,0,88.7,6501.35,1.215068493150685,8,0,1,1,1,False,True,False,False,False,True,False,True,False,True,False,True,False,True,False,True,False,True,True,False,False,0.03758604,0,0,ContractRisk,Low (<30%)
1,0,1,1,18,1,0,95.15,1779.95,5.007894736842106,4,0,0,0,3,False,False,True,False,False,False,False,False,False,True,False,False,False,True,False,True,False,False,False,False,True,0.63949466,1,1,ContractRisk,High (50-75%)
1,0,0,0,3,1,0,75.0,209.1,18.75,2,1,0,0,3,False,True,True,False,False,False,False,False,False,False,False,False,False,False,False,False,False,False,False,False,True,0.7926977,1,1,ChargesPerTenureMonth,Critical (>75%)
0,0,0,0,1,1,1,49.95,49.95,24.975,2,1,0,0,3,False,True,False,False,False,False,False,False,False,False,False,False,False,False,False,False,False,False,False,False,False,0.76361966,1,1,ChargesPerTenureMonth,Critical (>75%)
1,0,0,0,10,1,1,72.15,794.25,6.5590909090909095,4,0,0,0,3,False,True,False,False,False,False,False,False,False,False,False,False,False,True,False,True,False,False,True,False,False,0.45133936,1,1,InternetService_Fiber optic,Medium (30-50%)
0,0,0,0,10,1,1,20.9,247.0,1.9,1,0,0,0,3,False,False,False,True,True,False,True,False,True,False,True,False,True,False,True,False,False,False,False,False,True,0.23999174,0,0,ChargesPerTenureMonth,Low (<30%)
0,0,1,1,29,1,0,20.0,540.05,0.6666666666666666,1,0,0,0,2,False,False,False,True,True,False,True,False,True,False,True,False,True,False,True,False,True,False,False,True,False,0.08789704,0,0,ContractRisk,Low (<30%)
0,1,1,0,34,1,1,94.25,3217.55,2.692857142857143,5,0,0,1,3,False,True,True,False,False,False,False,True,False,True,False,False,False,False,False,True,False,False,False,True,False,0.72885257,1,1,ContractRisk,High (50-75%)
1,1,1,0,7,1,1,101.95,700.85,12.74375,5,0,0,0,3,False,True,True,False,False,False,False,False,False,True,False,False,False,True,False,True,False,False,False,True,False,0.90514964,1,1,ChargesPerTenureMonth,Critical (>75%)
1,0,1,1,69,1,0,86.9,6194.1,1.2414285714285715,7,0,1,1,1,False,True,False,False,False,True,False,False,False,True,False,True,False,True,False,True,False,True,False,False,False,0.074678965,0,0,ContractRisk,Low (<30%)
0,0,0,0,36,1,0,54.45,1893.5,1.4716216216216218,3,0,0,0,2,False,True,False,False,False,True,False,False,False,False,False,False,False,False,False,False,True,False,False,False,True,0.14009182,0,0,ContractRisk,Low (<30%)
1,0,1,0,72,1,0,85.95,6151.9,1.1773972602739726,7,0,1,1,1,False,True,False,False,False,False,False,True,False,True,False,True,False,True,False,True,False,True,False,False,False,0.05702965,0,0,ContractRisk,Low (<30%)
0,0,0,0,42,1,1,20.65,958.1,0.4802325581395348,1,0,1,0,2,False,False,False,True,True,False,True,False,True,False,True,False,True,False,True,False,True,False,False,False,True,0.056137662,0,0,ChargesPerTenureMonth,Low (<30%)
1,0,0,0,42,1,1,99.0,4298.45,2.302325581395349,6,0,1,1,2,False,True,True,False,False,True,False,True,False,True,False,False,False,False,False,True,True,False,False,True,False,0.50472707,1,0,ContractRisk,High (50-75%)
1,0,0,0,67,0,0,43.9,3097.2,0.6455882352941176,3,0,1,0,1,True,False,False,False,False,True,False,False,False,False,False,True,False,True,False,False,False,True,False,True,False,0.15343136,0,0,ContractRisk,Low (<30%)
0,1,0,0,21,1,1,95.4,2025.1,4.336363636363637,4,0,0,0,3,False,True,True,False,False,False,False,False,False,False,False,False,False,True,False,True,False,False,False,False,False,0.7480313,1,0,ContractRisk,High (50-75%)
0,0,0,0,23,1,1,93.5,2341.55,3.8958333333333335,4,0,0,0,3,False,True,True,False,False,False,False,False,False,False,False,False,False,True,False,True,False,False,False,True,False,0.78435224,1,0,ContractRisk,Critical (>75%)
0,0,0,0,15,1,0,86.2,1270.2,5.3875,3,0,0,0,3,False,False,True,False,False,True,False,False,False,False,False,False,False,True,False,False,False,False,False,True,False,0.6487454,1,1,ContractRisk,High (50-75%)
0,1,1,0,34,1,0,64.2,2106.3,1.8342857142857143,4,0,0,0,2,False,False,False,False,False,False,False,False,False,True,False,True,False,True,False,False,True,False,False,False,False,0.22253211,0,0,ContractRisk,Low (<30%)
1,1,1,0,7,1,1,99.25,665.45,12.40625,5,0,0,0,3,False,True,True,False,False,False,False,False,False,True,False,False,False,True,False,True,False,False,False,True,False,0.91148865,1,1,ChargesPerTenureMonth,Critical (>75%)
1,0,0,1,9,1,0,20.4,184.1,2.04,1,0,0,0,3,False,False,False,True,True,False,True,False,True,False,True,False,True,False,True,False,False,False,False,False,True,0.1917862,0,0,ChargesPerTenureMonth,Low (<30%)
0,0,1,0,34,1,0,24.7,780.2,0.7057142857142857,2,0,0,0,3,False,True,False,True,True,False,True,False,True,False,True,False,True,False,True,False,False,False,False,True,False,0.2467503,0,0,ChargesPerTenureMonth,Low (<30%)
1,0,0,0,1,0,1,35.55,35.55,17.775,1,1,0,0,3,True,False,False,False,False,False,False,False,False,False,False,False,False,False,False,True,False,False,False,True,False,0.8407312,1,1,ChargesPerTenureMonth,Critical (>75%)
0,0,0,0,25,1,0,108.9,2809.05,4.188461538461539,7,0,0,0,1,False,True,True,False,False,False,False,True,False,True,False,True,False,True,False,True,False,True,False,True,False,0.39084682,0,0,ContractRisk,Medium (30-50%)
0,0,1,0,72,1,1,115.5,8312.75,1.582191780821918,8,0,1,1,1,False,True,True,False,False,True,False,True,False,True,False,True,False,True,False,True,False,True,False,False,False,0.0767829,0,0,ContractRisk,Low (<30%)
1,0,0,0,1,1,0,20.55,20.55,10.275,1,1,0,0,3,False,False,False,True,True,False,True,False,True,False,True,False,True,False,True,False,False,False,False,True,False,0.64092267,1,1,ChargesPerTenureMonth,High (50-75%)
0,0,1,0,60,1,1,99.8,5985.75,1.6360655737704917,5,0,1,1,3,False,True,True,False,False,False,False,True,False,False,False,False,False,True,False,True,False,False,False,True,False,0.6325088,1,0,ChargesPerTenureMonth,High (50-75%)
1,0,1,0,43,1,1,84.25,3539.25,1.9147727272727275,4,0,1,1,2,False,False,True,False,False,True,False,False,False,True,False,True,False,False,False,False,True,False,False,False,False,0.18893167,0,0,ContractRisk,Low (<30%)
1,0,0,0,3,1,0,21.2,52.05,5.3,1,1,0,0,2,False,False,False,True,True,False,True,False,True,False,True,False,True,False,True,False,True,False,False,False,True,0.123121604,0,0,ContractRisk,Low (<30%)
1,1,1,0,72,1,1,84.1,5981.65,1.152054794520548,7,0,1,1,1,False,True,False,False,False,True,False,True,False,True,False,False,False,True,False,True,False,True,True,False,False,0.0725548,0,0,ContractRisk,Low (<30%)
1,0,0,0,2,1,0,45.35,89.5,15.116666666666667,1,1,0,0,3,False,False,False,False,False,False,False,False,False,False,False,False,False,False,False,False,False,False,False,True,False,0.7090393,1,1,ChargesPerTenureMonth,High (50-75%)
1,0,0,0,10,1,1,98.9,1064.95,8.990909090909092,5,0,0,0,2,False,False,True,False,False,True,False,False,False,True,False,False,False,True,False,True,True,False,False,True,False,0.5949688,1,0,ContractRisk,High (50-75%)
1,0,0,0,7,1,1,98.05,713.0,12.25625,5,0,0,0,3,False,True,True,False,False,False,False,False,False,True,False,False,False,True,False,True,False,False,False,False,False,0.9066115,1,1,ChargesPerTenureMonth,Critical (>75%)
0,0,1,0,33,1,1,51.45,1758.9,1.5132352941176472,2,0,0,0,2,False,False,False,False,False,False,False,False,False,False,False,True,False,False,False,False,True,False,False,False,True,0.14579484,0,0,ContractRisk,Low (<30%)
1,0,0,0,31,1,1,81.15,2640.55,2.5359375,3,0,0,1,3,False,True,True,False,False,False,False,True,False,False,False,False,False,False,False,False,False,False,False,True,False,0.72800124,1,0,ContractRisk,High (50-75%)
1,1,0,0,38,1,0,94.75,3653.0,2.42948717948718,4,0,1,1,3,False,True,True,False,False,False,False,False,False,False,False,False,False,True,False,True,False,False,False,True,False,0.6907672,1,0,ContractRisk,High (50-75%)
0,0,0,0,24,1,1,84.35,1938.05,3.374,4,0,0,0,3,False,True,True,False,False,True,False,False,False,False,False,True,False,False,False,False,False,False,False,True,False,0.69172424,1,0,ContractRisk,High (50-75%)
0,0,0,0,28,1,1,59.55,1646.45,2.0534482758620687,3,0,0,0,3,False,False,False,False,False,False,False,False,False,True,False,False,False,True,False,False,False,False,False,False,False,0.3466814,0,0,ContractRisk,Medium (30-50%)
1,0,1,1,72,0,0,38.5,2763.0,0.5273972602739726,3,0,1,0,1,True,False,False,False,False,True,False,True,False,True,False,False,False,False,False,False,False,True,True,False,False,0.034814402,0,0,ContractRisk,Low (<30%)
0,0,1,0,20,1,0,19.25,375.25,0.9166666666666666,1,0,0,0,3,False,False,False,True,True,False,True,False,True,False,True,False,True,False,True,False,False,False,False,False,False,0.17861459,0,0,ChargesPerTenureMonth,Low (<30%)
1,0,0,0,60,1,0,79.0,4801.1,1.2950819672131149,6,0,1,1,2,False,False,False,False,False,True,False,False,False,True,False,True,False,True,False,True,True,False,False,False,True,0.1591695,0,0,ChargesPerTenureMonth,Low (<30%)
0,1,0,0,4,1,1,89.2,346.2,17.84,4,1,0,0,3,False,True,True,False,False,False,False,False,False,True,False,False,False,True,False,False,False,False,False,True,False,0.88961285,1,1,ChargesPerTenureMonth,Critical (>75%)
0,0,1,0,46,1,0,55.0,2473.95,1.1702127659574468,3,0,1,0,3,False,True,False,False,False,True,False,False,False,False,False,False,False,False,False,False,False,False,False,False,False,0.25857973,0,0,ChargesPerTenureMonth,Low (<30%)
1,0,1,1,72,1,0,82.3,5815.15,1.1273972602739726,7,0,1,1,1,False,True,False,False,False,True,False,True,False,True,False,True,False,True,False,False,False,True,False,False,False,0.043663356,0,0,ContractRisk,Low (<30%)
0,1,0,0,41,1,1,113.2,4689.5,2.6952380952380954,7,0,1,1,3,False,True,True,False,False,True,False,True,False,True,False,False,False,True,False,True,False,False,False,True,False,0.7032954,1,1,ContractRisk,High (50-75%)
1,1,1,0,65,1,1,100.75,6674.65,1.5265151515151516,5,0,1,1,2,False,True,True,False,False,True,False,False,False,False,False,False,False,True,False,True,True,False,False,True,False,0.41268864,0,0,ContractRisk,Medium (30-50%)
1,0,1,1,43,0,0,29.3,1224.05,0.6659090909090909,1,0,1,0,3,True,False,False,False,False,False,False,True,False,False,False,False,False,False,False,False,False,False,True,False,False,0.4160889,0,0,ChargesPerTenureMonth,Medium (30-50%)
0,0,0,1,21,1,0,64.85,1336.8,2.9477272727272723,4,0,0,0,2,False,False,False,False,False,True,False,False,False,True,False,False,False,False,False,True,True,False,False,False,True,0.21421476,0,0,ContractRisk,Low (<30%)
1,0,1,1,54,1,0,20.4,1090.6,0.3709090909090909,1,0,1,0,1,False,False,False,True,True,False,True,False,True,False,True,False,True,False,True,False,False,True,True,False,False,0.05211581,0,0,ContractRisk,Low (<30%)
0,1,1,0,61,1,1,104.4,6405.0,1.6838709677419357,6,0,1,1,2,False,True,True,False,False,False,False,True,False,True,False,False,False,True,False,True,True,False,True,False,False,0.4712806,1,1,ContractRisk,Medium (30-50%)
1,0,0,0,20,0,1,55.0,1165.55,2.619047619047619,5,0,0,0,3,True,False,False,False,False,True,False,True,False,True,False,True,False,True,False,False,False,False,True,False,False,0.44941586,0,0,ContractRisk,Medium (30-50%)
1,0,0,0,69,1,1,105.2,7386.05,1.502857142857143,6,0,1,1,2,False,True,True,False,False,False,False,True,False,False,False,True,False,True,False,True,True,False,False,False,False,0.44809523,0,0,ContractRisk,Medium (30-50%)
1,1,0,0,1,1,0,45.2,45.2,22.6,1,1,0,0,3,False,False,False,False,False,False,False,False,False,False,False,False,False,False,False,False,False,False,False,True,False,0.7688763,1,0,ChargesPerTenureMonth,Critical (>75%)
1,1,1,0,33,1,1,93.55,3055.5,2.751470588235294,5,0,0,1,2,False,False,True,False,False,True,False,True,False,False,False,True,False,False,False,True,True,False,False,True,False,0.41186848,0,0,ContractRisk,Medium (30-50%)
1,0,0,1,19,1,0,20.85,467.5,1.0425,1,0,0,0,1,False,False,False,True,True,False,True,False,True,False,True,False,True,False,True,False,False,True,True,False,False,0.06023992,0,0,ContractRisk,Low (<30%)
1,0,0,0,2,1,0,79.0,143.65,26.33333333333333,2,1,0,0,3,False,False,True,False,False,False,False,False,False,False,False,False,False,True,False,False,False,False,False,True,False,0.82445145,1,1,ChargesPerTenureMonth,Critical (>75%)
0,0,1,1,13,1,1,63.15,816.8,4.510714285714285,4,0,0,0,3,False,False,False,False,False,True,False,False,False,True,False,False,False,False,False,True,False,False,False,False,True,0.39764237,0,0,ContractRisk,Medium (30-50%)
1,0,0,0,1,1,1,45.8,45.8,22.9,1,1,0,0,3,False,False,False,False,False,False,False,False,False,False,False,False,False,False,False,False,False,False,False,False,True,0.7527552,1,0,ChargesPerTenureMonth,Critical (>75%)
0,0,1,1,55,1,0,55.7,3131.8,0.9946428571428572,3,0,1,0,3,False,False,False,False,False,True,False,True,False,False,False,False,False,False,False,False,False,False,False,True,False,0.2564289,0,0,ChargesPerTenureMonth,Low (<30%)
1,0,0,0,22,1,1,95.1,2162.6,4.134782608695652,4,0,0,0,3,False,True,True,False,False,False,False,False,False,False,False,False,False,True,False,True,False,False,False,True,False,0.8120591,1,0,ContractRisk,Critical (>75%)
1,1,1,0,27,1,1,75.5,1893.95,2.696428571428572,2,0,0,0,3,False,True,True,False,False,False,False,False,False,False,False,False,False,False,False,False,False,False,False,True,False,0.74025553,1,1,ContractRisk,High (50-75%)
1,1,1,0,13,1,1,89.05,1169.35,6.360714285714286,4,0,0,0,3,False,False,True,False,False,False,False,True,False,False,False,True,False,False,False,True,False,False,False,False,False,0.65872234,1,1,ContractRisk,High (50-75%)
1,0,1,1,26,1,0,50.35,1285.8,1.864814814814815,2,0,0,0,2,False,False,False,False,False,False,False,False,False,True,False,False,False,False,False,False,True,False,False,False,True,0.14844026,0,0,ContractRisk,Low (<30%)
1,0,1,1,35,1,0,20.1,655.3,0.5583333333333333,1,0,0,0,1,False,False,False,True,True,False,True,False,True,False,True,False,True,False,True,False,False,True,False,False,True,0.037220985,0,0,ContractRisk,Low (<30%)
0,1,0,0,56,1,0,104.75,5841.35,1.837719298245614,6,0,1,1,3,False,True,True,False,False,False,False,True,False,True,False,False,False,True,False,True,False,False,False,True,False,0.66421765,1,0,ContractRisk,High (50-75%)
1,0,0,0,1,1,1,95.45,95.45,47.725,4,1,0,0,3,False,True,True,False,False,False,False,False,False,False,False,False,False,True,False,True,False,False,False,True,False,0.9337976,1,1,ChargesPerTenureMonth,Critical (>75%)
1,1,1,0,1,1,0,74.3,74.3,37.15,2,1,0,0,3,False,True,True,False,False,False,False,False,False,False,False,False,False,False,False,False,False,False,False,True,False,0.8801724,1,0,ChargesPerTenureMonth,Critical (>75%)
1,0,0,0,23,1,1,90.6,1943.2,3.775,4,0,0,0,3,False,True,True,False,False,False,False,False,False,False,False,True,False,True,False,False,False,False,False,True,False,0.71956855,1,1,ContractRisk,High (50-75%)
0,0,0,0,7,1,0,75.45,480.75,9.43125,2,0,0,0,3,False,True,True,False,False,False,False,False,False,False,False,False,False,False,False,False,False,False,False,False,True,0.7375629,1,1,ContractRisk,High (50-75%)
1,0,1,0,22,1,1,104.6,2180.55,4.547826086956522,6,0,0,0,3,False,False,True,False,False,True,False,True,False,False,False,True,False,True,False,True,False,False,False,True,False,0.7484094,1,0,ContractRisk,High (50-75%)
1,0,1,0,56,1,0,59.5,3389.25,1.043859649122807,4,0,1,0,1,False,True,False,False,False,False,False,True,False,True,False,False,False,False,False,False,False,True,True,False,False,0.09565004,0,0,ContractRisk,Low (<30%)
1,0,1,0,71,1,1,82.55,5832.65,1.1465277777777778,6,0,1,1,1,False,False,False,False,False,True,False,False,False,True,False,True,False,True,False,True,False,True,False,True,False,0.10383356,0,0,ContractRisk,Low (<30%)
1,0,1,1,59,1,0,19.85,1188.25,0.3308333333333333,1,0,1,0,1,False,False,False,True,True,False,True,False,True,False,True,False,True,False,True,False,False,True,False,False,True,0.052083537,0,0,ContractRisk,Low (<30%)
0,0,0,0,18,1,1,96.05,1740.7,5.0552631578947365,4,0,0,0,3,False,False,True,False,False,True,False,False,False,False,False,False,False,True,False,True,False,False,False,True,False,0.7563629,1,1,ContractRisk,Critical (>75%)
1,0,1,0,60,1,1,61.35,3766.2,1.0057377049180327,4,0,1,0,1,False,False,False,False,False,True,False,True,False,False,False,True,False,False,False,False,False,True,False,False,True,0.06090129,0,0,ContractRisk,Low (<30%)
0,0,0,0,8,1,0,44.45,369.3,4.938888888888889,1,0,0,0,3,False,False,False,False,False,False,False,False,False,False,False,False,False,False,False,False,False,False,False,False,True,0.38132998,0,0,ContractRisk,Medium (30-50%)
1,0,0,0,1,1,1,19.75,19.75,9.875,1,1,0,0,3,False,False,False,True,True,False,True,False,True,False,True,False,True,False,True,False,False,False,True,False,False,0.6439238,1,0,ChargesPerTenureMonth,High (50-75%)
0,1,1,0,1,1,1,70.45,70.45,35.225,1,1,0,0,3,False,False,True,False,False,False,False,False,False,False,False,False,False,False,False,False,False,False,False,False,True,0.8835403,1,1,ChargesPerTenureMonth,Critical (>75%)
0,0,1,1,28,1,1,82.85,2320.8,2.856896551724138,3,0,0,0,2,False,False,True,False,False,True,False,False,False,False,False,False,False,False,False,True,True,False,False,False,False,0.32180792,0,0,ContractRisk,Medium (30-50%)
1,0,0,0,18,1,0,74.15,1387.0,3.9026315789473687,2,0,0,0,3,False,True,True,False,False,False,False,False,False,False,False,False,False,False,False,False,False,False,False,False,True,0.5042939,1,0,ContractRisk,High (50-75%)
1,0,0,0,24,1,1,90.35,2238.5,3.614,3,0,0,0,3,False,False,True,False,False,False,False,False,False,False,False,False,False,True,False,True,False,False,False,True,False,0.75311583,1,1,ContractRisk,Critical (>75%)
0,0,1,1,68,0,0,60.3,4109.0,0.8739130434782608,5,0,1,0,1,True,False,False,False,False,False,False,True,False,True,False,True,False,True,False,True,False,True,True,False,False,0.06122877,0,0,ContractRisk,Low (<30%)
1,0,1,1,71,1,1,104.65,7288.4,1.4534722222222225,6,0,1,1,2,False,False,True,False,False,True,False,True,False,True,False,False,False,True,False,True,True,False,False,False,False,0.21664001,0,0,ContractRisk,Low (<30%)
1,0,1,1,64,1,1,19.7,1274.05,0.3030769230769231,1,0,1,0,1,False,False,False,True,True,False,True,False,True,False,True,False,True,False,True,False,False,True,False,False,False,0.050339658,0,0,ContractRisk,Low (<30%)
0,0,1,0,72,1,1,110.75,7751.7,1.5171232876712328,7,0,1,1,1,False,True,True,False,False,True,False,True,False,True,False,False,False,True,False,True,False,True,False,True,False,0.11064491,0,0,ContractRisk,Low (<30%)
0,1,0,0,69,1,0,110.25,7467.55,1.575,7,0,1,1,1,False,True,True,False,False,True,False,False,False,True,False,True,False,True,False,True,False,True,True,False,False,0.30444908,0,0,ContractRisk,Medium (30-50%)
0,0,0,0,67,0,1,53.4,3579.15,0.7852941176470588,4,0,1,0,3,True,False,False,False,False,False,False,False,False,True,False,True,False,True,False,True,False,False,True,False,False,0.27982286,0,0,ChargesPerTenureMonth,Low (<30%)
0,1,0,0,20,1,0,80.7,1614.2,3.842857142857143,2,0,0,0,3,False,False,True,False,False,False,False,False,False,False,False,False,False,True,False,False,False,False,False,False,False,0.59588975,1,0,ContractRisk,High (50-75%)
0,0,1,1,25,1,1,18.7,383.65,0.7192307692307692,1,0,0,0,1,False,False,False,True,True,False,True,False,True,False,True,False,True,False,True,False,False,True,False,False,True,0.047621608,0,0,ContractRisk,Low (<30%)
0,0,0,0,50,1,1,89.7,4304.5,1.758823529411765,4,0,1,1,1,False,False,True,False,False,False,False,False,False,True,False,True,False,False,False,True,False,True,False,False,False,0.119106255,0,0,ContractRisk,Low (<30%)
0,0,1,1,6,1,1,48.95,273.25,6.992857142857143,2,1,0,0,3,False,True,False,False,False,False,False,False,False,False,False,False,False,False,False,False,False,False,True,False,False,0.46698296,1,0,ContractRisk,Medium (30-50%)
0,0,0,1,2,1,1,19.6,35.85,6.533333333333334,1,1,0,0,3,False,False,False,True,True,False,True,False,True,False,True,False,True,False,True,False,False,False,False,True,False,0.47568646,1,1,ContractRisk,Medium (30-50%)
0,0,0,0,18,1,0,20.1,407.05,1.0578947368421054,1,0,0,0,2,False,False,False,True,True,False,True,False,True,False,True,False,True,False,True,False,True,False,False,False,True,0.08774506,0,0,ContractRisk,Low (<30%)
0,1,0,0,2,1,1,56.55,118.25,18.85,3,1,0,0,3,False,True,False,False,False,False,False,True,False,False,False,False,False,False,False,False,False,False,True,False,False,0.69085515,1,0,ChargesPerTenureMonth,High (50-75%)
1,0,0,0,3,0,1,40.15,130.75,10.0375,2,1,0,0,3,True,False,False,False,False,False,False,False,False,True,False,False,False,True,False,False,False,False,False,False,True,0.7318411,1,1,ChargesPerTenureMonth,High (50-75%)
0,0,0,1,9,1,1,69.4,571.45,6.94,4,0,0,0,3,False,False,False,False,False,False,False,False,False,False,False,True,False,True,False,True,False,False,True,False,False,0.37470046,0,0,InternetService_Fiber optic,Medium (30-50%)
1,0,0,0,1,1,1,69.9,69.9,34.95,1,1,0,0,3,False,False,True,False,False,False,False,False,False,False,False,False,False,False,False,False,False,False,False,True,False,0.91532505,1,1,ChargesPerTenureMonth,Critical (>75%)
0,0,0,0,70,1,1,113.65,7939.25,1.6007042253521129,8,0,1,1,1,False,True,True,False,False,True,False,True,False,True,False,True,False,True,False,True,False,True,False,False,False,0.14253959,0,0,ContractRisk,Low (<30%)
0,0,0,0,46,1,0,96.05,4399.5,2.043617021276596,4,0,1,1,3,False,True,True,False,False,False,False,False,False,False,False,False,False,True,False,True,False,False,False,False,False,0.5657916,1,1,ContractRisk,High (50-75%)
0,0,0,0,15,1,1,48.8,720.1,3.05,2,0,0,0,3,False,True,False,False,False,False,False,False,False,False,False,False,False,False,False,False,False,False,False,False,True,0.42560259,0,0,ContractRisk,Medium (30-50%)
0,0,0,0,53,1,0,19.85,1049.6,0.3675925925925926,1,0,1,0,1,False,False,False,True,True,False,True,False,True,False,True,False,True,False,True,False,False,True,True,False,False,0.059033252,0,0,ContractRisk,Low (<30%)
0,0,0,0,1,1,1,55.4,55.4,27.7,2,1,0,0,3,False,False,False,False,False,False,False,False,False,False,False,False,False,False,False,True,False,False,False,True,False,0.8400993,1,1,ChargesPerTenureMonth,Critical (>75%)
0,0,0,0,29,1,0,19.35,601.6,0.645,1,0,0,0,3,False,False,False,True,True,False,True,False,True,False,True,False,True,False,True,False,False,False,True,False,False,0.18034473,0,0,ChargesPerTenureMonth,Low (<30%)
0,0,0,0,1,1,1,77.15,77.15,38.575,2,1,0,0,3,False,True,True,False,False,False,False,False,False,False,False,False,False,False,False,False,False,False,False,True,False,0.9347831,1,1,ChargesPerTenureMonth,Critical (>75%)
1,0,0,0,69,0,1,60.05,4176.7,0.8578571428571428,5,0,1,0,1,True,False,False,False,False,True,False,True,False,False,False,True,False,True,False,True,False,True,False,False,False,0.053366438,0,0,ContractRisk,Low (<30%)
1,1,1,0,63,0,0,36.1,2298.9,0.5640625,2,0,1,0,2,True,False,False,False,False,True,False,False,False,False,False,True,False,False,False,False,True,False,False,False,False,0.08848397,0,0,ChargesPerTenureMonth,Low (<30%)
1,1,0,0,51,1,0,25.0,1260.7,0.4807692307692308,2,0,1,0,2,False,True,False,True,True,False,True,False,True,False,True,False,True,False,True,False,True,False,False,False,False,0.08949246,0,0,ChargesPerTenureMonth,Low (<30%)
1,0,1,0,64,1,1,73.55,4764.0,1.1315384615384616,2,0,1,1,3,False,False,True,False,False,True,False,False,False,False,False,False,False,False,False,False,False,False,False,False,True,0.32960802,0,0,ChargesPerTenureMonth,Medium (30-50%)
0,0,1,1,52,1,1,84.05,4326.8,1.5858490566037735,4,0,1,1,3,False,False,True,False,False,True,False,False,False,True,False,True,False,False,False,False,False,False,False,False,False,0.33434078,0,0,ChargesPerTenureMonth,Medium (30-50%)
1,0,1,1,70,0,0,59.5,4144.8,0.8380281690140845,5,0,1,0,1,True,False,False,False,False,True,False,False,False,True,False,True,False,True,False,True,False,True,False,False,False,0.051907714,0,0,ContractRisk,Low (<30%)
1,0,1,1,9,1,0,54.8,452.8,5.48,3,0,0,0,3,False,False,False,False,False,False,False,True,False,False,False,True,False,False,False,False,False,False,False,False,True,0.35870466,0,0,ContractRisk,Medium (30-50%)
0,0,0,0,3,1,0,83.75,247.25,20.9375,3,1,0,0,3,False,False,True,False,False,False,False,True,False,False,False,False,False,True,False,False,False,False,False,True,False,0.7881568,1,1,ChargesPerTenureMonth,Critical (>75%)
1,0,1,0,70,1,1,74.8,5315.8,1.0535211267605633,6,0,1,1,1,False,True,False,False,False,True,False,False,False,True,False,True,False,False,False,True,False,True,True,False,False,0.119247586,0,0,ContractRisk,Low (<30%)
1,0,0,0,21,1,1,84.1,1737.45,3.822727272727272,3,0,0,0,3,False,True,True,False,False,False,False,False,False,False,False,False,False,False,False,True,False,False,False,True,False,0.76552,1,0,ContractRisk,Critical (>75%)
0,1,0,0,5,1,1,75.55,349.65,12.591666666666669,2,1,0,0,3,False,False,True,False,False,False,False,False,False,True,False,False,False,False,False,False,False,False,True,False,False,0.81535226,1,1,ChargesPerTenureMonth,Critical (>75%)
1,0,0,0,20,1,1,108.2,2203.7,5.152380952380953,7,0,0,0,3,False,False,True,False,False,True,False,True,False,True,False,True,False,True,False,True,False,False,False,False,False,0.62452286,1,0,ContractRisk,High (50-75%)
0,1,1,0,72,1,1,109.75,8075.35,1.5034246575342465,7,0,1,1,1,False,True,True,False,False,True,False,False,False,True,False,True,False,True,False,True,False,True,False,False,True,0.11034046,0,0,ContractRisk,Low (<30%)
1,0,1,1,72,1,0,20.3,1401.15,0.2780821917808219,1,0,1,0,1,False,False,False,True,True,False,True,False,True,False,True,False,True,False,True,False,False,True,False,False,False,0.029101107,0,0,ContractRisk,Low (<30%)
0,1,0,0,2,1,1,70.65,142.35,23.55,1,1,0,0,3,False,False,True,False,False,False,False,False,False,False,False,False,False,False,False,False,False,False,False,True,False,0.8254663,1,1,ContractRisk,Critical (>75%)
0,0,1,1,23,1,1,75.3,1702.9,3.1375,2,0,0,0,3,False,False,True,False,False,False,False,False,False,True,False,False,False,False,False,False,False,False,True,False,False,0.6110655,1,0,ContractRisk,High (50-75%)
0,0,0,0,4,1,0,20.95,85.5,4.19,1,1,0,0,3,False,False,False,True,True,False,True,False,True,False,True,False,True,False,True,False,False,False,False,False,False,0.29042006,0,1,ContractRisk,Low (<30%)
1,0,0,0,32,1,1,80.35,2596.15,2.4348484848484846,3,0,0,1,3,False,True,True,False,False,False,False,True,False,False,False,False,False,False,False,False,False,False,False,False,False,0.6126309,1,1,ContractRisk,High (50-75%)
0,0,0,0,36,1,1,89.65,3348.1,2.422972972972973,7,0,0,1,2,False,True,False,False,False,True,False,False,False,True,False,True,False,True,False,True,True,False,True,False,False,0.2804113,0,0,ContractRisk,Low (<30%)
1,0,0,0,24,1,1,49.7,1218.25,1.988,2,0,0,0,3,False,False,False,False,False,False,False,True,False,False,False,False,False,False,False,False,False,False,False,False,True,0.3427657,0,0,ContractRisk,Medium (30-50%)
1,0,0,0,6,1,1,49.5,312.7,7.071428571428571,2,1,0,0,3,False,False,False,False,False,False,False,False,False,False,False,True,False,False,False,False,False,False,True,False,False,0.4357061,0,0,ContractRisk,Medium (30-50%)
1,0,1,1,23,1,0,59.7,1414.2,2.4875000000000003,4,0,0,0,1,False,True,False,False,False,False,False,True,False,False,False,True,False,False,False,False,False,True,False,False,True,0.08428101,0,0,ContractRisk,Low (<30%)
0,0,1,1,48,1,0,20.65,1057.0,0.4214285714285714,1,0,1,0,1,False,False,False,True,True,False,True,False,True,False,True,False,True,False,True,False,False,True,False,False,False,0.042535804,0,0,ContractRisk,Low (<30%)
0,0,0,0,28,1,1,54.9,1505.15,1.893103448275862,3,0,0,0,3,False,True,False,False,False,False,False,False,False,False,False,True,False,False,False,False,False,False,True,False,False,0.2867176,0,0,ContractRisk,Low (<30%)
1,1,0,0,52,0,1,49.15,2550.9,0.9273584905660376,3,0,1,0,3,True,False,False,False,False,False,False,True,False,False,False,False,False,True,False,True,False,False,False,True,False,0.56425023,1,1,ChargesPerTenureMonth,High (50-75%)
0,0,0,0,3,1,1,74.95,212.4,18.7375,2,1,0,0,3,False,True,True,False,False,False,False,False,False,False,False,False,False,False,False,False,False,False,False,True,False,0.85910565,1,0,ChargesPerTenureMonth,Critical (>75%)
0,0,0,0,2,1,0,80.55,184.1,26.85,2,1,0,0,3,False,False,True,False,False,False,False,False,False,False,False,False,False,False,False,True,False,False,False,True,False,0.8188724,1,1,ChargesPerTenureMonth,Critical (>75%)
1,0,0,0,4,1,0,19.95,68.2,3.99,1,1,0,0,2,False,False,False,True,True,False,True,False,True,False,True,False,True,False,True,False,True,False,False,False,True,0.080769464,0,0,ContractRisk,Low (<30%)
1,0,0,0,5,1,1,69.7,316.9,11.616666666666667,1,1,0,0,3,False,False,True,False,False,False,False,False,False,False,False,False,False,False,False,False,False,False,False,True,False,0.8269084,1,1,ChargesPerTenureMonth,Critical (>75%)
0,1,0,0,1,1,1,69.6,69.6,34.8,1,1,0,0,3,False,False,True,False,False,False,False,False,False,False,False,False,False,False,False,False,False,False,False,True,False,0.9186102,1,1,ChargesPerTenureMonth,Critical (>75%)
1,0,1,1,66,1,1,19.75,1344.5,0.2947761194029851,1,0,1,0,1,False,False,False,True,True,False,True,False,True,False,True,False,True,False,True,False,False,True,False,False,True,0.05339242,0,0,ContractRisk,Low (<30%)
0,0,1,0,52,1,1,102.7,5138.1,1.937735849056604,6,0,1,1,3,False,True,True,False,False,False,False,True,False,False,False,True,False,True,False,True,False,False,True,False,False,0.5761321,1,0,ContractRisk,High (50-75%)
0,0,0,0,1,0,0,24.6,24.6,12.3,0,1,0,0,3,True,False,False,False,False,False,False,False,False,False,False,False,False,False,False,False,False,False,False,True,False,0.7589162,1,1,ChargesPerTenureMonth,Critical (>75%)
1,0,0,0,35,1,1,89.2,3251.3,2.477777777777778,4,0,0,1,2,False,False,True,False,False,True,False,False,False,False,False,True,False,False,False,True,True,False,False,True,False,0.37290964,0,0,ContractRisk,Medium (30-50%)
1,0,1,0,3,1,1,55.8,154.55,13.95,3,1,0,0,3,False,False,False,False,False,False,False,False,False,True,False,True,False,False,False,False,False,False,False,False,True,0.6049692,1,0,ChargesPerTenureMonth,High (50-75%)
0,1,0,0,66,1,1,102.85,6976.75,1.5350746268656716,6,0,1,1,2,False,True,True,False,False,False,False,False,False,True,False,True,False,True,False,True,True,False,True,False,False,0.43101168,0,0,ContractRisk,Medium (30-50%)
0,0,0,0,59,1,0,68.7,4070.95,1.145,5,0,1,0,2,False,True,False,False,False,True,False,False,False,False,False,True,False,False,False,True,True,False,False,False,False,0.15521996,0,0,ChargesPerTenureMonth,Low (<30%)
1,0,1,1,52,1,0,25.75,1345.85,0.4858490566037736,2,0,1,0,1,False,True,False,True,True,False,True,False,True,False,True,False,True,False,True,False,False,True,False,False,True,0.045489304,0,0,ContractRisk,Low (<30%)
0,0,0,0,8,1,1,73.5,632.2,8.166666666666666,2,0,0,0,3,False,True,True,False,False,False,False,False,False,False,False,False,False,False,False,False,False,False,False,True,False,0.83913386,1,0,ContractRisk,Critical (>75%)
0,0,0,0,5,1,1,53.8,283.95,8.966666666666667,3,1,0,0,3,False,True,False,False,False,True,False,False,False,False,False,False,False,False,False,False,False,False,False,True,False,0.7331841,1,0,ChargesPerTenureMonth,High (50-75%)
1,0,0,0,4,0,1,44.55,174.3,8.91,2,1,0,0,3,True,False,False,False,False,False,False,False,False,False,False,False,False,True,False,True,False,False,False,True,False,0.79271203,1,1,ContractRisk,Critical (>75%)
1,0,1,1,50,1,1,70.5,3486.65,1.3823529411764706,5,0,1,1,1,False,True,False,False,False,True,False,False,False,False,False,True,False,True,False,False,False,True,True,False,False,0.05865296,0,0,ContractRisk,Low (<30%)
1,0,1,1,62,1,0,108.15,6825.65,1.7166666666666668,7,0,1,1,1,False,False,True,False,False,True,False,True,False,True,False,True,False,True,False,True,False,True,False,False,True,0.21668379,0,0,ContractRisk,Low (<30%)
0,0,0,0,61,1,0,19.45,1336.35,0.3137096774193548,1,0,1,0,2,False,False,False,True,True,False,True,False,True,False,True,False,True,False,True,False,True,False,False,False,False,0.07832058,0,0,ContractRisk,Low (<30%)
1,0,1,1,55,1,0,85.5,4713.4,1.5267857142857142,3,0,1,1,3,False,True,True,False,False,False,False,False,False,False,False,False,False,False,False,True,False,False,False,False,False,0.493697,1,0,ChargesPerTenureMonth,Medium (30-50%)
1,0,0,0,5,1,0,20.05,95.55,3.341666666666667,1,1,0,0,3,False,False,False,True,True,False,True,False,True,False,True,False,True,False,True,False,False,False,True,False,False,0.25415534,0,0,ContractRisk,Low (<30%)
0,0,1,1,35,1,1,54.95,1916.0,1.526388888888889,3,0,0,0,2,False,False,False,False,False,True,False,False,False,False,False,True,False,False,False,False,True,False,False,False,False,0.122441314,0,0,ContractRisk,Low (<30%)
1,0,0,1,22,1,1,89.1,1949.4,3.873913043478261,4,0,0,0,3,False,True,True,False,False,False,False,True,False,False,False,False,False,True,False,False,False,False,True,False,False,0.65686834,1,0,ContractRisk,High (50-75%)
1,0,0,0,57,0,0,53.35,3090.05,0.9198275862068964,4,0,1,0,1,True,False,False,False,False,False,False,False,False,True,False,True,False,True,False,True,False,True,True,False,False,0.074967235,0,0,ContractRisk,Low (<30%)
1,1,1,0,57,1,1,95.25,5427.05,1.6422413793103448,5,0,1,1,3,False,True,True,False,False,False,False,True,False,True,False,False,False,False,False,True,False,False,False,False,False,0.4748776,1,1,ChargesPerTenureMonth,Medium (30-50%)
0,0,1,0,64,1,0,19.45,1225.65,0.2992307692307692,1,0,1,0,1,False,False,False,True,True,False,True,False,True,False,True,False,True,False,True,False,False,True,True,False,False,0.044301033,0,0,ContractRisk,Low (<30%)
0,0,0,0,26,1,1,95.85,2475.35,3.55,5,0,0,0,2,False,False,True,False,False,True,False,False,False,True,False,True,False,False,False,True,True,False,False,False,False,0.34129068,0,0,ContractRisk,Medium (30-50%)
0,1,1,0,39,1,0,99.1,3877.95,2.4775,5,0,1,1,2,False,False,True,False,False,True,False,True,False,False,False,False,False,True,False,True,True,False,False,False,True,0.35819528,0,0,ContractRisk,Medium (30-50%)
0,0,1,0,19,1,1,59.8,1130.85,2.99,3,0,0,0,3,False,False,False,False,False,False,False,True,False,False,False,False,False,False,False,True,False,False,False,False,True,0.43206102,0,0,ContractRisk,Medium (30-50%)
1,0,1,0,31,1,0,93.8,3019.5,2.93125,5,0,0,1,3,False,True,True,False,False,False,False,True,False,True,False,False,False,True,False,False,False,False,False,True,False,0.6179509,1,1,ContractRisk,High (50-75%)
0,0,1,1,6,1,0,19.85,119.3,2.835714285714286,1,1,0,0,3,False,False,False,True,True,False,True,False,True,False,True,False,True,False,True,False,False,False,False,False,True,0.2678733,0,0,ContractRisk,Low (<30%)
1,0,0,0,52,1,1,89.45,4577.75,1.687735849056604,4,0,1,1,1,False,True,True,False,False,False,False,False,False,True,False,False,False,False,False,True,False,True,True,False,False,0.13979056,0,0,ContractRisk,Low (<30%)
1,0,1,1,53,1,0,85.7,4616.1,1.587037037037037,7,0,1,1,3,False,True,False,False,False,True,False,False,False,True,False,True,False,True,False,True,False,False,False,True,False,0.25155425,0,0,ChargesPerTenureMonth,Low (<30%)
0,1,0,0,56,1,1,111.95,6418.9,1.9640350877192985,7,0,1,1,2,False,True,True,False,False,False,False,True,False,True,False,True,False,True,False,True,True,False,False,True,False,0.5131024,1,1,ContractRisk,High (50-75%)
1,0,1,1,56,1,1,75.85,4261.2,1.3307017543859647,6,0,1,1,1,False,True,False,False,False,True,False,True,False,False,False,True,False,False,False,True,False,True,True,False,False,0.061103377,0,0,ContractRisk,Low (<30%)
1,0,1,1,49,1,1,99.8,4872.45,1.996,5,0,1,1,3,False,True,True,False,False,False,False,False,False,True,False,False,False,True,False,True,False,False,False,True,False,0.7274544,1,1,ContractRisk,High (50-75%)
1,0,0,1,39,1,0,25.0,1004.35,0.625,2,0,1,0,1,False,True,False,True,True,False,True,False,True,False,True,False,True,False,True,False,False,True,False,False,True,0.06078262,0,0,ContractRisk,Low (<30%)
0,0,1,1,61,1,1,99.15,6010.05,1.599193548387097,5,0,1,1,3,False,True,True,False,False,False,False,True,False,False,False,False,False,True,False,True,False,False,False,True,False,0.63937503,1,1,ChargesPerTenureMonth,High (50-75%)
0,0,1,0,43,0,0,34.0,1505.35,0.7727272727272727,2,0,1,0,3,True,False,False,False,False,True,False,False,False,False,False,True,False,False,False,False,False,False,False,False,False,0.26750407,0,0,ChargesPerTenureMonth,Low (<30%)
0,0,0,0,5,1,0,19.55,99.6,3.2583333333333333,1,1,0,0,2,False,False,False,True,True,False,True,False,True,False,True,False,True,False,True,False,True,False,False,True,False,0.16303685,0,0,ContractRisk,Low (<30%)
0,0,0,0,11,1,0,20.3,246.3,1.6916666666666669,1,0,0,0,3,False,False,False,True,True,False,True,False,True,False,True,False,True,False,True,False,False,False,False,False,False,0.23703972,0,0,ChargesPerTenureMonth,Low (<30%)
1,0,0,0,2,1,0,24.85,62.0,8.283333333333333,2,1,0,0,3,False,True,False,True,True,False,True,False,True,False,True,False,True,False,True,False,False,False,False,False,True,0.4577402,1,0,ChargesPerTenureMonth,Medium (30-50%)
0,0,0,0,13,1,1,96.65,1244.5,6.903571428571429,5,0,0,0,3,False,True,True,False,False,True,False,True,False,False,False,False,False,True,False,False,False,False,False,True,False,0.80393034,1,1,ContractRisk,Critical (>75%)
1,0,1,1,72,1,0,81.0,5750.0,1.1095890410958904,7,0,1,1,1,False,True,False,False,False,True,False,True,False,True,False,True,False,False,False,True,False,True,True,False,False,0.048014373,0,0,ContractRisk,Low (<30%)
0,1,0,0,46,1,1,69.1,3255.35,1.4702127659574469,5,0,1,0,2,False,True,False,False,False,False,False,False,False,True,False,True,False,False,False,True,True,False,True,False,False,0.23735441,0,0,ChargesPerTenureMonth,Low (<30%)
1,0,1,0,71,1,1,108.55,7616.0,1.5076388888888888,7,0,1,1,1,False,True,True,False,False,True,False,False,False,True,False,True,False,True,False,True,False,True,True,False,False,0.23436177,0,0,ContractRisk,Low (<30%)
0,0,0,0,36,1,1,87.55,3078.1,2.366216216216216,4,0,0,1,3,False,False,True,False,False,False,False,False,False,True,False,True,False,False,False,True,False,False,False,True,False,0.62704724,1,1,ContractRisk,High (50-75%)
1,0,1,0,64,1,1,108.5,6880.85,1.6692307692307693,7,0,1,1,2,False,True,True,False,False,True,False,False,False,True,False,True,False,True,False,True,True,False,False,False,True,0.40640432,0,0,ContractRisk,Medium (30-50%)
0,0,0,0,1,1,0,75.3,75.3,37.65,2,1,0,0,3,False,False,True,False,False,True,False,False,False,False,False,False,False,False,False,False,False,False,False,False,True,0.74954677,1,1,ChargesPerTenureMonth,High (50-75%)
0,0,1,0,15,1,1,84.3,1308.4,5.26875,3,0,0,0,3,False,False,True,False,False,False,False,False,False,True,False,False,False,True,False,False,False,False,False,True,False,0.7637954,1,1,ContractRisk,Critical (>75%)
1,0,1,0,36,1,0,20.0,666.75,0.5405405405405406,1,0,0,0,2,False,False,False,True,True,False,True,False,True,False,True,False,True,False,True,False,True,False,False,False,True,0.04922881,0,0,ChargesPerTenureMonth,Low (<30%)
0,0,1,1,6,0,0,40.55,217.5,5.792857142857143,3,1,0,0,1,True,False,False,False,False,False,False,True,False,True,False,True,False,False,False,False,False,True,False,False,True,0.09233652,0,0,ContractRisk,Low (<30%)
1,0,1,0,30,1,1,50.0,1474.9,1.6129032258064515,2,0,0,0,3,False,False,False,False,False,False,False,False,False,True,False,False,False,False,False,False,False,False,False,False,True,0.29868624,0,0,ChargesPerTenureMonth,Low (<30%)
1,0,0,0,1,1,1,59.85,59.85,29.925,3,1,0,0,3,False,True,False,False,False,False,False,False,False,False,False,False,False,True,False,False,False,False,False,True,False,0.8116621,1,1,ChargesPerTenureMonth,Critical (>75%)
1,0,0,0,13,1,1,80.85,1008.7,5.775,2,0,0,0,3,False,False,True,False,False,False,False,False,False,False,False,False,False,False,False,True,False,False,False,True,False,0.77129656,1,1,ContractRisk,Critical (>75%)
1,0,1,1,61,1,0,20.4,1226.45,0.3290322580645161,1,0,1,0,2,False,False,False,True,True,False,True,False,True,False,True,False,True,False,True,False,True,False,False,False,True,0.07228958,0,0,ContractRisk,Low (<30%)
1,0,1,1,72,1,1,107.7,7919.8,1.4753424657534246,7,0,1,1,1,False,True,True,False,False,True,False,True,False,False,False,True,False,True,False,True,False,True,True,False,False,0.08674779,0,0,ContractRisk,Low (<30%)
0,0,1,1,67,1,0,74.0,4868.4,1.088235294117647,6,0,1,1,1,False,True,False,False,False,True,False,True,False,False,False,True,False,True,False,False,False,True,True,False,False,0.09422433,0,0,ContractRisk,Low (<30%)
0,0,0,0,34,1,1,79.95,2727.3,2.2842857142857143,6,0,0,1,2,False,False,False,False,False,True,False,False,False,True,False,True,False,True,False,True,True,False,False,False,False,0.2852534,0,0,ContractRisk,Low (<30%)
0,0,1,0,72,1,0,20.5,1502.25,0.2808219178082192,1,0,1,0,1,False,False,False,True,True,False,True,False,True,False,True,False,True,False,True,False,False,True,True,False,False,0.029868953,0,0,ContractRisk,Low (<30%)
1,0,1,0,46,1,0,65.65,3047.15,1.396808510638298,5,0,1,0,1,False,False,False,False,False,True,False,True,False,True,False,True,False,False,False,False,False,True,False,False,True,0.049004916,0,0,ContractRisk,Low (<30%)
0,0,0,0,7,1,1,75.1,552.95,9.3875,2,0,0,0,3,False,True,True,False,False,False,False,False,False,False,False,False,False,False,False,False,False,False,False,False,False,0.8127243,1,1,ContractRisk,Critical (>75%)
0,1,0,0,7,1,0,76.45,503.6,9.55625,2,0,0,0,3,False,False,True,False,False,True,False,False,False,False,False,False,False,False,False,False,False,False,False,False,False,0.71444273,1,1,ContractRisk,High (50-75%)
1,0,1,0,72,1,1,67.8,4804.65,0.9287671232876712,6,0,1,0,1,False,True,False,False,False,True,False,True,False,True,False,True,False,False,False,False,False,True,False,False,False,0.05163023,0,0,ContractRisk,Low (<30%)
0,0,1,1,32,1,1,86.1,2723.75,2.609090909090909,3,0,0,1,3,False,False,True,False,False,False,False,True,False,False,False,False,False,True,False,False,False,False,False,True,False,0.6998532,1,0,ContractRisk,High (50-75%)
1,0,0,0,39,1,1,53.85,2200.7,1.34625,3,0,1,0,1,False,True,False,False,False,False,False,False,False,False,False,True,False,False,False,False,False,True,True,False,False,0.06924854,0,0,ContractRisk,Low (<30%)
1,0,1,1,47,1,1,96.1,4391.45,2.002083333333333,5,0,1,1,2,False,False,True,False,False,True,False,True,False,True,False,False,False,False,False,True,True,False,False,True,False,0.359968,0,0,ContractRisk,Medium (30-50%)
0,1,1,0,50,1,1,95.05,4888.7,1.8637254901960785,5,0,1,1,3,False,True,True,False,False,False,False,True,False,True,False,False,False,True,False,False,False,False,False,True,False,0.71443474,1,1,ContractRisk,High (50-75%)
1,0,1,1,58,1,1,19.55,1108.8,0.3313559322033898,1,0,1,0,2,False,False,False,True,True,False,True,False,True,False,True,False,True,False,True,False,True,False,False,True,False,0.12260703,0,0,ChargesPerTenureMonth,Low (<30%)
0,0,0,0,41,1,1,81.3,3190.65,1.9357142857142853,3,0,1,1,3,False,True,True,False,False,True,False,False,False,False,False,False,False,False,False,False,False,False,True,False,False,0.5197663,1,0,ContractRisk,High (50-75%)
0,1,1,0,4,1,1,83.25,308.05,16.65,3,1,0,0,3,False,True,True,False,False,False,False,False,False,False,False,False,False,True,False,False,False,False,False,True,False,0.8872257,1,0,ChargesPerTenureMonth,Critical (>75%)
0,0,1,1,32,1,0,61.4,1864.65,1.8606060606060608,4,0,0,0,3,False,False,False,False,False,True,False,True,False,False,False,True,False,False,False,False,False,False,False,False,False,0.23309179,0,0,ContractRisk,Low (<30%)
1,0,0,0,1,1,0,20.75,20.75,10.375,1,1,0,0,3,False,False,False,True,True,False,True,False,True,False,True,False,True,False,True,False,False,False,True,False,False,0.5923603,1,0,ChargesPerTenureMonth,High (50-75%)
1,0,0,0,19,1,0,19.65,358.15,0.9825,1,0,0,0,1,False,False,False,True,True,False,True,False,True,False,True,False,True,False,True,False,False,True,False,False,True,0.052934166,0,0,ContractRisk,Low (<30%)
0,1,1,0,62,1,1,104.85,6312.9,1.664285714285714,6,0,1,1,2,False,True,True,False,False,True,False,False,False,True,False,False,False,True,False,True,True,False,False,True,False,0.4775523,1,0,ContractRisk,Medium (30-50%)
0,0,0,0,1,1,0,74.1,74.1,37.05,5,1,0,0,2,False,False,False,False,False,False,False,False,False,True,False,True,False,True,False,True,True,False,True,False,False,0.4155597,0,0,ChargesPerTenureMonth,Medium (30-50%)
0,0,0,0,12,1,1,61.65,713.75,4.742307692307692,5,0,0,0,3,False,True,False,False,False,True,False,False,False,True,False,True,False,False,False,False,False,False,False,False,True,0.35787007,0,1,ContractRisk,Medium (30-50%)
0,0,1,0,48,0,1,45.3,2145.0,0.9244897959183672,3,0,1,0,3,True,False,False,False,False,True,False,False,False,True,False,False,False,False,False,True,False,False,False,False,False,0.28792873,0,1,ChargesPerTenureMonth,Low (<30%)
0,0,0,1,3,1,1,64.5,177.4,16.125,4,1,0,0,3,False,False,False,False,False,True,False,False,False,False,False,True,False,False,False,True,False,False,False,False,False,0.5042593,1,0,ChargesPerTenureMonth,High (50-75%)
0,0,1,0,40,1,1,78.85,3126.85,1.923170731707317,3,0,1,1,3,False,True,True,False,False,False,False,False,False,False,False,True,False,False,False,False,False,False,True,False,False,0.49483493,1,0,ContractRisk,Medium (30-50%)
1,0,0,0,19,0,1,25.15,468.35,1.2574999999999998,0,0,0,0,3,True,False,False,False,False,False,False,False,False,False,False,False,False,False,False,False,False,False,False,False,False,0.42953715,0,0,ChargesPerTenureMonth,Medium (30-50%)
0,0,0,0,1,1,1,70.25,70.25,35.125,1,1,0,0,3,False,False,True,False,False,False,False,False,False,False,False,False,False,False,False,False,False,False,False,True,False,0.9082463,1,1,ChargesPerTenureMonth,Critical (>75%)
0,0,1,1,67,1,1,24.9,1680.25,0.3661764705882352,2,0,1,0,1,False,True,False,True,True,False,True,False,True,False,True,False,True,False,True,False,False,True,False,False,True,0.04396655,0,0,ContractRisk,Low (<30%)
0,0,1,1,16,1,0,100.7,1522.7,5.923529411764706,5,0,0,0,3,False,False,True,False,False,True,False,False,False,True,False,False,False,True,False,True,False,False,False,False,False,0.6448994,1,0,ContractRisk,High (50-75%)
0,0,0,0,1,1,1,19.55,19.55,9.775,1,1,0,0,3,False,False,False,True,True,False,True,False,True,False,True,False,True,False,True,False,False,False,False,False,True,0.65923053,1,0,ChargesPerTenureMonth,High (50-75%)
0,0,0,1,21,0,0,53.15,1183.2,2.415909090909091,5,0,0,0,1,True,False,False,False,False,True,False,True,False,True,False,True,False,True,False,False,False,True,False,False,True,0.078023724,0,0,ContractRisk,Low (<30%)
0,1,1,1,29,0,1,35.65,1025.15,1.1883333333333332,2,0,0,0,3,True,False,False,False,False,False,False,True,False,True,False,False,False,False,False,False,False,False,False,False,True,0.458968,1,0,ChargesPerTenureMonth,Medium (30-50%)
1,1,1,1,20,1,0,94.3,1818.3,4.490476190476191,5,0,0,0,2,False,False,True,False,False,True,False,False,False,True,False,True,False,False,False,True,True,False,True,False,False,0.3351182,0,0,ContractRisk,Medium (30-50%)
0,0,1,0,13,1,0,94.1,1215.6,6.721428571428571,5,0,0,0,3,False,True,True,False,False,False,False,True,False,True,False,False,False,True,False,False,False,False,False,True,False,0.72280294,1,1,ContractRisk,High (50-75%)
1,0,1,1,9,0,1,29.95,248.95,2.995,1,0,0,0,3,True,False,False,False,False,False,False,True,False,False,False,False,False,False,False,False,False,False,False,True,False,0.59490275,1,1,ContractRisk,High (50-75%)
1,0,1,0,51,1,1,83.25,4089.45,1.6009615384615383,7,0,1,1,1,False,False,False,False,False,True,False,True,False,True,False,True,False,True,False,True,False,True,True,False,False,0.060313348,0,0,ContractRisk,Low (<30%)
1,0,1,1,60,1,1,79.05,4663.4,1.2959016393442622,6,0,1,1,3,False,False,False,False,False,True,False,True,False,False,False,True,False,True,False,True,False,False,True,False,False,0.20180658,0,0,ChargesPerTenureMonth,Low (<30%)
0,1,0,0,20,1,1,79.15,1520.9,3.769047619047619,3,0,0,0,3,False,True,True,False,False,True,False,False,False,False,False,False,False,False,False,False,False,False,False,True,False,0.7307895,1,1,ContractRisk,High (50-75%)
1,0,0,0,9,0,1,34.7,296.1,3.47,1,0,0,0,3,True,False,False,False,False,False,False,False,False,False,False,False,False,True,False,False,False,False,True,False,False,0.5640556,1,1,ContractRisk,High (50-75%)
0,1,1,0,8,1,1,80.65,633.3,8.961111111111112,3,0,0,0,3,False,True,True,False,False,False,False,True,False,False,False,False,False,False,False,False,False,False,True,False,False,0.84596497,1,1,ContractRisk,Critical (>75%)
1,0,1,0,63,1,0,79.8,5034.05,1.246875,6,0,1,1,1,False,True,False,False,False,False,False,False,False,True,False,True,False,True,False,True,False,True,True,False,False,0.10272533,0,0,ContractRisk,Low (<30%)
0,0,1,1,10,1,1,65.9,660.05,5.990909090909091,4,0,0,0,2,False,False,False,False,False,False,False,True,False,True,False,False,False,False,False,True,True,False,False,False,True,0.37153777,0,0,ContractRisk,Medium (30-50%)
0,0,0,0,3,1,1,69.95,220.45,17.4875,4,1,0,0,2,False,False,False,False,False,False,False,False,False,True,False,False,False,True,False,True,True,False,False,True,False,0.50996166,1,0,ContractRisk,High (50-75%)
1,0,1,1,44,1,0,20.6,926.0,0.4577777777777778,1,0,1,0,2,False,False,False,True,True,False,True,False,True,False,True,False,True,False,True,False,True,False,False,False,False,0.053348567,0,0,ChargesPerTenureMonth,Low (<30%)
1,0,1,1,8,1,1,51.3,411.6,5.699999999999999,2,0,0,0,3,False,False,False,False,False,True,False,False,False,False,False,False,False,False,False,False,False,False,True,False,False,0.4050517,0,0,ContractRisk,Medium (30-50%)
1,0,1,1,61,1,1,106.0,6547.7,1.7096774193548387,6,0,1,1,2,False,True,True,False,False,True,False,True,False,False,False,False,False,True,False,True,True,False,False,True,False,0.41940448,0,1,ContractRisk,Medium (30-50%)
0,0,1,1,43,1,1,99.3,4209.95,2.256818181818182,5,0,1,1,3,False,True,True,False,False,False,False,False,False,True,False,False,False,True,False,True,False,False,False,False,False,0.6729287,1,0,ContractRisk,High (50-75%)
1,0,1,0,43,1,1,56.35,2391.15,1.2806818181818185,2,0,1,0,2,False,False,False,False,False,False,False,False,False,False,False,False,False,True,False,False,True,False,False,False,True,0.18669686,0,0,ContractRisk,Low (<30%)
0,0,0,0,5,1,1,50.6,249.95,8.433333333333334,2,1,0,0,3,False,True,False,False,False,False,False,False,False,False,False,False,False,False,False,False,False,False,False,False,True,0.6631581,1,1,ChargesPerTenureMonth,High (50-75%)
1,0,1,1,29,1,0,69.05,1958.45,2.3016666666666667,5,0,0,0,2,False,True,False,False,False,True,False,False,False,False,False,True,False,True,False,False,True,False,False,False,False,0.13902748,0,0,ContractRisk,Low (<30%)
1,1,1,0,54,1,1,99.05,5295.7,1.8009090909090908,5,0,1,1,3,False,True,True,False,False,False,False,False,False,True,False,False,False,True,False,True,False,False,True,False,False,0.68643713,1,0,ContractRisk,High (50-75%)
1,0,1,0,50,1,1,98.25,4858.7,1.9264705882352944,5,0,1,1,2,False,True,True,False,False,False,False,True,False,False,False,False,False,True,False,True,True,False,False,True,False,0.52382827,1,0,ContractRisk,High (50-75%)
0,0,0,0,68,1,1,88.15,6148.45,1.277536231884058,8,0,1,1,1,False,True,False,False,False,True,False,True,False,True,False,True,False,True,False,True,False,True,False,True,False,0.0922234,0,0,ContractRisk,Low (<30%)
0,1,1,1,1,1,1,69.25,69.25,34.625,1,1,0,0,3,False,False,True,False,False,False,False,False,False,False,False,False,False,False,False,False,False,False,False,True,False,0.91695553,1,1,ChargesPerTenureMonth,Critical (>75%)
0,0,1,1,72,1,1,108.3,7679.65,1.4835616438356165,7,0,1,1,1,False,False,True,False,False,True,False,True,False,True,False,True,False,True,False,True,False,True,False,False,False,0.1142627,0,0,ContractRisk,Low (<30%)
0,0,0,0,55,1,1,73.1,4144.9,1.3053571428571429,2,0,1,1,3,False,True,True,False,False,False,False,False,False,False,False,False,False,False,False,False,False,False,False,True,False,0.5390337,1,0,ChargesPerTenureMonth,High (50-75%)
1,0,0,0,3,1,1,70.3,220.4,17.575,1,1,0,0,3,False,False,True,False,False,False,False,False,False,False,False,False,False,False,False,False,False,False,False,False,True,0.8101572,1,0,ChargesPerTenureMonth,Critical (>75%)
1,0,0,0,1,1,0,19.05,19.05,9.525,1,1,0,0,3,False,False,False,True,True,False,True,False,True,False,True,False,True,False,True,False,False,False,False,False,True,0.48769537,1,0,ContractRisk,Medium (30-50%)
0,0,1,1,7,1,0,19.85,144.15,2.48125,1,0,0,0,1,False,False,False,True,True,False,True,False,True,False,True,False,True,False,True,False,False,True,False,False,True,0.07023066,0,0,ContractRisk,Low (<30%)
1,1,0,0,9,1,1,84.4,732.5,8.440000000000001,3,0,0,0,3,False,True,True,False,False,False,False,False,False,False,False,False,False,False,False,True,False,False,True,False,False,0.8482615,1,1,ContractRisk,Critical (>75%)
1,0,0,0,37,0,0,35.8,1316.9,0.9421052631578948,1,0,1,0,1,True,False,False,False,False,False,False,False,False,False,False,False,False,True,False,False,False,True,True,False,False,0.0929647,0,0,ContractRisk,Low (<30%)
1,0,1,1,62,1,0,86.1,5215.25,1.3666666666666665,7,0,1,1,1,False,False,False,False,False,True,False,True,False,True,False,True,False,True,False,True,False,True,False,True,False,0.09427149,0,0,ContractRisk,Low (<30%)
0,0,1,1,56,1,1,61.3,3346.8,1.075438596491228,4,0,1,0,1,False,False,False,False,False,True,False,True,False,True,False,False,False,False,False,False,False,True,True,False,False,0.081692114,0,0,ContractRisk,Low (<30%)
0,0,1,1,27,1,0,24.5,761.95,0.875,2,0,0,0,1,False,True,False,True,True,False,True,False,True,False,True,False,True,False,True,False,False,True,False,True,False,0.1084704,0,0,ContractRisk,Low (<30%)
0,0,1,1,49,1,1,87.2,4345.0,1.744,7,0,1,1,2,False,False,False,False,False,True,False,True,False,True,False,True,False,True,False,True,True,False,False,False,True,0.23129386,0,0,ContractRisk,Low (<30%)
1,0,1,1,28,1,1,20.3,487.95,0.7000000000000001,1,0,0,0,1,False,False,False,True,True,False,True,False,True,False,True,False,True,False,True,False,False,True,True,False,False,0.04596764,0,0,ContractRisk,Low (<30%)
1,0,0,0,5,1,0,20.65,93.55,3.4416666666666664,1,1,0,0,3,False,False,False,True,True,False,True,False,True,False,True,False,True,False,True,False,False,False,False,False,False,0.25809312,0,0,ContractRisk,Low (<30%)
0,0,0,0,56,1,0,19.7,1051.9,0.3456140350877192,1,0,1,0,1,False,False,False,True,True,False,True,False,True,False,True,False,True,False,True,False,False,True,False,False,False,0.065572366,0,0,ContractRisk,Low (<30%)
0,0,1,1,72,1,1,70.45,5165.7,0.965068493150685,6,0,1,1,1,False,True,False,False,False,True,False,True,False,True,False,True,False,False,False,False,False,True,False,False,False,0.048706036,0,0,ContractRisk,Low (<30%)
